-- phpMyAdmin SQL Dump
-- version 4.9.0.1
-- https://www.phpmyadmin.net/
--
-- Host: 127.0.0.1
-- Generation Time: Nov 27, 2019 at 04:36 PM
-- Server version: 10.4.6-MariaDB
-- PHP Version: 7.1.31

SET SQL_MODE = "NO_AUTO_VALUE_ON_ZERO";
SET AUTOCOMMIT = 0;
START TRANSACTION;
SET time_zone = "+00:00";


/*!40101 SET @OLD_CHARACTER_SET_CLIENT=@@CHARACTER_SET_CLIENT */;
/*!40101 SET @OLD_CHARACTER_SET_RESULTS=@@CHARACTER_SET_RESULTS */;
/*!40101 SET @OLD_COLLATION_CONNECTION=@@COLLATION_CONNECTION */;
/*!40101 SET NAMES utf8mb4 */;

--
-- Database: `car_rentaldb`
--

-- --------------------------------------------------------

--
-- Table structure for table `ci_sessions`
--

CREATE TABLE `ci_sessions` (
  `id` varchar(128) NOT NULL,
  `ip_address` varchar(45) NOT NULL,
  `timestamp` int(10) UNSIGNED NOT NULL DEFAULT 0,
  `data` blob NOT NULL
) ENGINE=InnoDB DEFAULT CHARSET=latin1;

--
-- Dumping data for table `ci_sessions`
--

INSERT INTO `ci_sessions` (`id`, `ip_address`, `timestamp`, `data`) VALUES
('012cjm43pk288jj2b04f72msqkcv96ir', '::1', 1574048755, 0x5f5f63695f6c6173745f726567656e65726174657c693a313537343034383735353b757365726e616d657c733a353a2261646d696e223b747970657c733a353a2261646d696e223b6c6f676765645f696e7c623a313b),
('05296m6slj228h3d0ev4otmkcrrs390a', '::1', 1573915515, 0x5f5f63695f6c6173745f726567656e65726174657c693a313537333931353531353b),
('092rkql78dnp9c8b8rn7k2ef4hibkl8k', '::1', 1573944765, 0x5f5f63695f6c6173745f726567656e65726174657c693a313537333934343736353b757365726e616d657c733a353a2261646d696e223b747970657c733a353a2261646d696e223b6c6f676765645f696e7c623a313b6361725f69647c733a323a223237223b5f5f63695f766172737c613a313a7b733a363a226361725f6964223b733a333a226f6c64223b7d),
('0nv8k63r61e81896fpl6i4m0dom89iuh', '::1', 1573935742, 0x5f5f63695f6c6173745f726567656e65726174657c693a313537333933353734323b757365726e616d657c733a353a2261646d696e223b747970657c733a353a2261646d696e223b6c6f676765645f696e7c623a313b),
('13tv2shd6gjtoohmoqu2jlm24aptiil8', '::1', 1573935439, 0x5f5f63695f6c6173745f726567656e65726174657c693a313537333933353433393b757365726e616d657c733a353a2261646d696e223b747970657c733a353a2261646d696e223b6c6f676765645f696e7c623a313b6361725f69647c733a323a223236223b5f5f63695f766172737c613a313a7b733a363a226361725f6964223b733a333a226f6c64223b7d),
('1ff05oc5jbfbpm8qlu77cvu94a0beigv', '::1', 1574056558, 0x5f5f63695f6c6173745f726567656e65726174657c693a313537343035363535383b757365726e616d657c733a343a2275736572223b747970657c733a383a22637573746f6d6572223b6c6f676765645f696e7c623a313b),
('1in65n3ft7qigj4pjsh1iuu6c3qcf17l', '::1', 1573900817, 0x5f5f63695f6c6173745f726567656e65726174657c693a313537333930303831373b757365726e616d657c733a353a2261646d696e223b747970657c733a353a2261646d696e223b6c6f676765645f696e7c623a313b),
('24th1cchof8harec3nm35a57ak74c30r', '::1', 1574832094, 0x5f5f63695f6c6173745f726567656e65726174657c693a313537343833323039343b757365726e616d657c733a343a2275736572223b747970657c733a383a22637573746f6d6572223b6c6f676765645f696e7c623a313b),
('26otbod4gm1fjil5sqje2lbventol0ru', '::1', 1574845762, 0x5f5f63695f6c6173745f726567656e65726174657c693a313537343834353736303b757365726e616d657c733a353a2261646d696e223b747970657c733a353a2261646d696e223b6c6f676765645f696e7c623a313b),
('27bnrv6eth2o6u7kuco1k5tmcapog4nd', '::1', 1573911874, 0x5f5f63695f6c6173745f726567656e65726174657c693a313537333931313837343b757365726e616d657c733a353a2261646d696e223b747970657c733a353a2261646d696e223b6c6f676765645f696e7c623a313b),
('2d3bu2hig4gj7jcclud5vn8vefvp34m1', '::1', 1573900493, 0x5f5f63695f6c6173745f726567656e65726174657c693a313537333930303439333b757365726e616d657c733a353a2261646d696e223b747970657c733a353a2261646d696e223b6c6f676765645f696e7c623a313b),
('2eq5gc6mjh6nb7glmei4hogv16bkr5j4', '::1', 1573895263, 0x5f5f63695f6c6173745f726567656e65726174657c693a313537333839353236333b757365726e616d657c733a353a2261646d696e223b747970657c733a353a2261646d696e223b6c6f676765645f696e7c623a313b),
('2ljaml0g2o3earc77qgvoiv930199mu5', '::1', 1573945127, 0x5f5f63695f6c6173745f726567656e65726174657c693a313537333934353131333b757365726e616d657c733a353a2261646d696e223b747970657c733a353a2261646d696e223b6c6f676765645f696e7c623a313b),
('2op6a53pkeffubrsmjgg8clb0h4tpgb7', '::1', 1574051084, 0x5f5f63695f6c6173745f726567656e65726174657c693a313537343035313038333b757365726e616d657c733a353a2261646d696e223b747970657c733a353a2261646d696e223b6c6f676765645f696e7c623a313b),
('311h910jbibdeusgfopa84qva97n1s21', '::1', 1574050775, 0x5f5f63695f6c6173745f726567656e65726174657c693a313537343035303737353b757365726e616d657c733a353a2261646d696e223b747970657c733a353a2261646d696e223b6c6f676765645f696e7c623a313b),
('36c4ar8f1e7q4085mpftpipgtlrtfggo', '::1', 1574845762, 0x5f5f63695f6c6173745f726567656e65726174657c693a313537343834353736303b757365726e616d657c733a353a2261646d696e223b747970657c733a353a2261646d696e223b6c6f676765645f696e7c623a313b),
('37bjfd7mj3rc5ed9jrvgk575rd7c8ie1', '::1', 1573920151, 0x5f5f63695f6c6173745f726567656e65726174657c693a313537333931393835333b),
('39am29g4ld3o94j64mdh9d5c0f394k34', '::1', 1573942403, 0x5f5f63695f6c6173745f726567656e65726174657c693a313537333934323430333b757365726e616d657c733a353a2261646d696e223b747970657c733a353a2261646d696e223b6c6f676765645f696e7c623a313b),
('3atspa1a64529mb4ec4q3pmif2p8cpu7', '::1', 1573932686, 0x5f5f63695f6c6173745f726567656e65726174657c693a313537333933323638363b757365726e616d657c733a353a2261646d696e223b747970657c733a353a2261646d696e223b6c6f676765645f696e7c623a313b6361725f69647c733a323a223235223b5f5f63695f766172737c613a313a7b733a363a226361725f6964223b733a333a226e6577223b7d),
('3b2dlhnvjbqlg6tkj7db0sd1jilnrn87', '::1', 1574851987, 0x5f5f63695f6c6173745f726567656e65726174657c693a313537343835313938373b6164645f637573746f6d65725f737563636573737c733a32383a22437573746f6d6572207375636365737366756c6c792061646465642e223b5f5f63695f766172737c613a313a7b733a32303a226164645f637573746f6d65725f73756363657373223b733a333a226f6c64223b7d),
('3d5qi92frkbg8pglqav16csfqv7khokh', '::1', 1574048450, 0x5f5f63695f6c6173745f726567656e65726174657c693a313537343034383435303b757365726e616d657c733a353a2261646d696e223b747970657c733a353a2261646d696e223b6c6f676765645f696e7c623a313b6361725f69647c733a323a223238223b5f5f63695f766172737c613a313a7b733a363a226361725f6964223b733a333a226e6577223b7d),
('3gsepnl8hgbq6qnao4kmnp4lm4i1luin', '::1', 1574049464, 0x5f5f63695f6c6173745f726567656e65726174657c693a313537343034393436343b757365726e616d657c733a353a2261646d696e223b747970657c733a353a2261646d696e223b6c6f676765645f696e7c623a313b),
('3hqjhiu5idanc64tr8i2lv666135e4sk', '::1', 1573894904, 0x5f5f63695f6c6173745f726567656e65726174657c693a313537333839343930343b757365726e616d657c733a353a2261646d696e223b747970657c733a353a2261646d696e223b6c6f676765645f696e7c623a313b),
('3ro0f4sj51hqtfneviagl8hkmsotf9ca', '::1', 1573927584, 0x5f5f63695f6c6173745f726567656e65726174657c693a313537333932373538343b757365726e616d657c733a353a2261646d696e223b747970657c733a353a2261646d696e223b6c6f676765645f696e7c623a313b6361725f69647c733a323a223231223b5f5f63695f766172737c613a313a7b733a363a226361725f6964223b733a333a226e6577223b7d),
('3t12gp6333s5048sqhiv17hlfk60q9ej', '::1', 1573941074, 0x5f5f63695f6c6173745f726567656e65726174657c693a313537333934313037343b757365726e616d657c733a353a2261646d696e223b747970657c733a353a2261646d696e223b6c6f676765645f696e7c623a313b),
('461vp3sui6u9kdb3lnj5g3g87ej0v414', '::1', 1573912799, 0x5f5f63695f6c6173745f726567656e65726174657c693a313537333931323739393b757365726e616d657c733a353a2261646d696e223b747970657c733a353a2261646d696e223b6c6f676765645f696e7c623a313b),
('47kb5brc88agj824aed1uddu5h9fh4qu', '::1', 1573913328, 0x5f5f63695f6c6173745f726567656e65726174657c693a313537333931333132393b757365726e616d657c733a353a2261646d696e223b747970657c733a353a2261646d696e223b6c6f676765645f696e7c623a313b),
('4bqsqf5g25qmd5qtt5oj0q19pd7hkj08', '::1', 1574868506, 0x5f5f63695f6c6173745f726567656e65726174657c693a313537343836383439303b757365726e616d657c733a353a2261646d696e223b747970657c733a353a2261646d696e223b6c6f676765645f696e7c623a313b),
('4gl7n1ffanped7kppe9qef7la9knpn07', '::1', 1573933387, 0x5f5f63695f6c6173745f726567656e65726174657c693a313537333933333338373b757365726e616d657c733a353a2261646d696e223b747970657c733a353a2261646d696e223b6c6f676765645f696e7c623a313b6361725f69647c733a323a223232223b5f5f63695f766172737c613a313a7b733a363a226361725f6964223b733a333a226e6577223b7d),
('4hvi8ock2tf2r7njunqb7aomv8fteufv', '::1', 1574825865, 0x5f5f63695f6c6173745f726567656e65726174657c693a313537343832353737333b757365726e616d657c733a353a2261646d696e223b747970657c733a353a2261646d696e223b6c6f676765645f696e7c623a313b6361725f69647c693a33313b5f5f63695f766172737c613a313a7b733a363a226361725f6964223b733a333a226f6c64223b7d),
('4odp20shoo41uo06d817an0jen8r122q', '::1', 1574868490, 0x5f5f63695f6c6173745f726567656e65726174657c693a313537343836383439303b757365726e616d657c733a353a2261646d696e223b747970657c733a353a2261646d696e223b6c6f676765645f696e7c623a313b),
('4usifog0ls45rn77vkcdhn90ihokbt4s', '::1', 1573885119, 0x5f5f63695f6c6173745f726567656e65726174657c693a313537333838353131393b757365726e616d657c733a343a2275736572223b747970657c733a383a22637573746f6d6572223b6c6f676765645f696e7c623a313b),
('515q60nprvr7fk9hcao1f0cp1g0chiir', '::1', 1574858948, 0x5f5f63695f6c6173745f726567656e65726174657c693a313537343835383934383b757365726e616d657c733a353a22686169647a223b747970657c733a383a22637573746f6d6572223b6c6f676765645f696e7c623a313b),
('5aso6defesvo2dc8geuj1jgdd8n517di', '::1', 1573931723, 0x5f5f63695f6c6173745f726567656e65726174657c693a313537333933313732333b757365726e616d657c733a353a2261646d696e223b747970657c733a353a2261646d696e223b6c6f676765645f696e7c623a313b6361725f69647c733a323a223234223b5f5f63695f766172737c613a313a7b733a363a226361725f6964223b733a333a226f6c64223b7d),
('5iub9i6308j9bjjrbtcitdi9oj5t1gt6', '::1', 1573890195, 0x5f5f63695f6c6173745f726567656e65726174657c693a313537333839303139353b757365726e616d657c733a353a2261646d696e223b747970657c733a353a2261646d696e223b6c6f676765645f696e7c623a313b),
('629rogdikqt461ok7b3kuevgu1krpg62', '::1', 1573904761, 0x5f5f63695f6c6173745f726567656e65726174657c693a313537333930343736313b757365726e616d657c733a353a2261646d696e223b747970657c733a353a2261646d696e223b6c6f676765645f696e7c623a313b),
('62fvtmkb668q31buv57rsc6s3sg00pd8', '::1', 1574834352, 0x5f5f63695f6c6173745f726567656e65726174657c693a313537343833343335323b757365726e616d657c733a343a2275736572223b747970657c733a383a22637573746f6d6572223b6c6f676765645f696e7c623a313b),
('68anc4jdcl0e60i7ajkfcqknh3horbkd', '::1', 1574060471, 0x5f5f63695f6c6173745f726567656e65726174657c693a313537343036303437313b),
('6ai0mfr700f41q2v7ndp4ggh7guq2ntb', '::1', 1574050264, 0x5f5f63695f6c6173745f726567656e65726174657c693a313537343035303236343b757365726e616d657c733a353a2261646d696e223b747970657c733a353a2261646d696e223b6c6f676765645f696e7c623a313b),
('6huijhm7ocl9ra1d3gr5hbvl7bgcimiv', '::1', 1574854539, 0x5f5f63695f6c6173745f726567656e65726174657c693a313537343835343533393b6d6573736167657c733a32313a225369676e207570207375636365737366756c6c792e223b5f5f63695f766172737c613a313a7b733a373a226d657373616765223b733a333a226e6577223b7d),
('6o51gs66p4fv2ci8io7b4dt0l2ascfnq', '::1', 1574049890, 0x5f5f63695f6c6173745f726567656e65726174657c693a313537343034393839303b757365726e616d657c733a353a2261646d696e223b747970657c733a353a2261646d696e223b6c6f676765645f696e7c623a313b),
('6p8m1j4oe9afkfk8fffdsbrmj6uvd9od', '::1', 1573886132, 0x5f5f63695f6c6173745f726567656e65726174657c693a313537333838363133323b757365726e616d657c733a353a2261646d696e223b747970657c733a353a2261646d696e223b6c6f676765645f696e7c623a313b),
('73i2k25d1q476gv44pfo9n1lk15ar2vt', '::1', 1573929919, 0x5f5f63695f6c6173745f726567656e65726174657c693a313537333932393931393b757365726e616d657c733a353a2261646d696e223b747970657c733a353a2261646d696e223b6c6f676765645f696e7c623a313b5f5f63695f766172737c613a313a7b733a353a226361726964223b733a333a226e6577223b7d63617269647c733a323a223231223b),
('7bja30uhn2f6b69gah1iom0gtds87mkp', '::1', 1573908634, 0x5f5f63695f6c6173745f726567656e65726174657c693a313537333930383633343b757365726e616d657c733a353a2261646d696e223b747970657c733a353a2261646d696e223b6c6f676765645f696e7c623a313b),
('7jcge3qactk6dq7q7gai40n40cnjamq0', '::1', 1573937105, 0x5f5f63695f6c6173745f726567656e65726174657c693a313537333933373130353b757365726e616d657c733a353a2261646d696e223b747970657c733a353a2261646d696e223b6c6f676765645f696e7c623a313b6361725f69647c733a323a223236223b5f5f63695f766172737c613a313a7b733a363a226361725f6964223b733a333a226f6c64223b7d),
('7nl8qih0eg6k9l7gk13dfre29if2h38j', '::1', 1573901483, 0x5f5f63695f6c6173745f726567656e65726174657c693a313537333930313438333b757365726e616d657c733a353a2261646d696e223b747970657c733a353a2261646d696e223b6c6f676765645f696e7c623a313b),
('7q9s0a9eqrfas8fpfum8t3kbimg8gdtf', '::1', 1573917492, 0x5f5f63695f6c6173745f726567656e65726174657c693a313537333931373439323b),
('7ujg6de94nevrhvinkrfjovkhnrvk1un', '::1', 1573937416, 0x5f5f63695f6c6173745f726567656e65726174657c693a313537333933373431363b757365726e616d657c733a353a2261646d696e223b747970657c733a353a2261646d696e223b6c6f676765645f696e7c623a313b),
('842khib8k4bfgfchthhpl1ghcc5kp19u', '::1', 1574059940, 0x5f5f63695f6c6173745f726567656e65726174657c693a313537343035393934303b757365726e616d657c733a353a2261646d696e223b747970657c733a353a2261646d696e223b6c6f676765645f696e7c623a313b),
('890n603949dr84tj8lfnsqrpgunjnmen', '::1', 1574056885, 0x5f5f63695f6c6173745f726567656e65726174657c693a313537343035363838353b757365726e616d657c733a343a2275736572223b747970657c733a383a22637573746f6d6572223b6c6f676765645f696e7c623a313b),
('8csrcujrue0e5hehbh1snn8m4f95hj87', '::1', 1574832760, 0x5f5f63695f6c6173745f726567656e65726174657c693a313537343833323736303b757365726e616d657c733a343a2275736572223b747970657c733a383a22637573746f6d6572223b6c6f676765645f696e7c623a313b),
('8edebrpq8bk7vngcv2qvqqk8hht2i3gv', '::1', 1573932024, 0x5f5f63695f6c6173745f726567656e65726174657c693a313537333933323032343b757365726e616d657c733a353a2261646d696e223b747970657c733a353a2261646d696e223b6c6f676765645f696e7c623a313b6361725f69647c733a323a223235223b5f5f63695f766172737c613a313a7b733a363a226361725f6964223b733a333a226e6577223b7d),
('8p5r76h1a47uphq3n4q396cpema4ioce', '::1', 1573920467, 0x5f5f63695f6c6173745f726567656e65726174657c693a313537333932303435393b),
('8rfnqmpkj0poioei2guu50t38acs9b8l', '::1', 1574047532, 0x5f5f63695f6c6173745f726567656e65726174657c693a313537343034373533323b),
('973c00u8fo5tokdjuajfv03lghred1d9', '::1', 1573915859, 0x5f5f63695f6c6173745f726567656e65726174657c693a313537333931353835393b),
('978gbg3r7ess728o86pf5jovtndm3e4f', '::1', 1574849864, 0x5f5f63695f6c6173745f726567656e65726174657c693a313537343834393836343b),
('9cjnfpp0dghh0mro6mvamtmn9im5jo3h', '::1', 1573882841, 0x5f5f63695f6c6173745f726567656e65726174657c693a313537333838323834313b),
('9djcblvqg212m7blg2s1u38qjdk72n17', '::1', 1573890687, 0x5f5f63695f6c6173745f726567656e65726174657c693a313537333839303638373b757365726e616d657c733a353a2261646d696e223b747970657c733a353a2261646d696e223b6c6f676765645f696e7c623a313b),
('9gscejejfce529l5a8aal73hublbgn0e', '::1', 1573906444, 0x5f5f63695f6c6173745f726567656e65726174657c693a313537333930363434343b757365726e616d657c733a353a2261646d696e223b747970657c733a353a2261646d696e223b6c6f676765645f696e7c623a313b656469745f6361725f6d6573736167657c733a32353a224361722075706461746564207375636365737366756c6c792e223b5f5f63695f766172737c613a313a7b733a31363a22656469745f6361725f6d657373616765223b733a333a226f6c64223b7d),
('9kkctsl397bgv7nu0cp3mrb50q8u6sin', '::1', 1574858637, 0x5f5f63695f6c6173745f726567656e65726174657c693a313537343835383633373b757365726e616d657c733a353a22686169647a223b747970657c733a383a22637573746f6d6572223b6c6f676765645f696e7c623a313b),
('a1j2rtta3djuln655ms27dtm2eofujru', '::1', 1574833061, 0x5f5f63695f6c6173745f726567656e65726174657c693a313537343833333036313b757365726e616d657c733a343a2275736572223b747970657c733a383a22637573746f6d6572223b6c6f676765645f696e7c623a313b),
('aauo8h0rfgb1no6q83u0h448gj512p40', '::1', 1573941620, 0x5f5f63695f6c6173745f726567656e65726174657c693a313537333934313632303b757365726e616d657c733a353a2261646d696e223b747970657c733a353a2261646d696e223b6c6f676765645f696e7c623a313b),
('adj6i2grhdrsl8f868jjbt9pes79kpsl', '::1', 1574830494, 0x5f5f63695f6c6173745f726567656e65726174657c693a313537343833303439343b),
('aec1d04p6qa0ahbb7840p488agttlgv5', '::1', 1573882499, 0x5f5f63695f6c6173745f726567656e65726174657c693a313537333838323439393b),
('ahgndrav6s2fb8nub638i55d00l3jt34', '::1', 1573929200, 0x5f5f63695f6c6173745f726567656e65726174657c693a313537333932393230303b757365726e616d657c733a353a2261646d696e223b747970657c733a353a2261646d696e223b6c6f676765645f696e7c623a313b63617269647c733a323a223231223b5f5f63695f766172737c613a323a7b733a353a226361726964223b733a333a226f6c64223b733a363a226361725f6964223b733a333a226e6577223b7d6361725f69647c733a323a223231223b),
('aj79gh4a44dol0mme73tot1rvia8kp5d', '::1', 1573885511, 0x5f5f63695f6c6173745f726567656e65726174657c693a313537333838353531313b757365726e616d657c733a343a2275736572223b747970657c733a383a22637573746f6d6572223b6c6f676765645f696e7c623a313b),
('akkj487i8v920qg0t5da30cl095ppq33', '::1', 1573932375, 0x5f5f63695f6c6173745f726567656e65726174657c693a313537333933323337353b757365726e616d657c733a353a2261646d696e223b747970657c733a353a2261646d696e223b6c6f676765645f696e7c623a313b6361725f69647c733a323a223235223b5f5f63695f766172737c613a313a7b733a363a226361725f6964223b733a333a226e6577223b7d),
('ba3ah797kci6j1lm5i0o4h0mmkb0asce', '::1', 1574046754, 0x5f5f63695f6c6173745f726567656e65726174657c693a313537343034363735343b),
('bc5cgv3oj8ubqn76tvo6u8ouqsbemfo3', '::1', 1574828417, 0x5f5f63695f6c6173745f726567656e65726174657c693a313537343832383431373b757365726e616d657c733a353a2261646d696e223b747970657c733a353a2261646d696e223b6c6f676765645f696e7c623a313b),
('bkb9uccuejolj36jjrv2oq9ueo0q9ie5', '::1', 1573886511, 0x5f5f63695f6c6173745f726567656e65726174657c693a313537333838363531313b757365726e616d657c733a353a2261646d696e223b747970657c733a353a2261646d696e223b6c6f676765645f696e7c623a313b),
('bljdgf0ndrtr8nv5k57lc1othhmp0jbh', '::1', 1573886872, 0x5f5f63695f6c6173745f726567656e65726174657c693a313537333838363837323b757365726e616d657c733a353a2261646d696e223b747970657c733a353a2261646d696e223b6c6f676765645f696e7c623a313b),
('bsl1kkstlvb94bh01ebn00mk3ugnisuh', '::1', 1573919414, 0x5f5f63695f6c6173745f726567656e65726174657c693a313537333931393431343b),
('c66qd9t8ftp8dleh0s2kgnlcuqhpv58r', '::1', 1573937721, 0x5f5f63695f6c6173745f726567656e65726174657c693a313537333933373732313b757365726e616d657c733a353a2261646d696e223b747970657c733a353a2261646d696e223b6c6f676765645f696e7c623a313b6361725f69647c733a323a223236223b5f5f63695f766172737c613a313a7b733a363a226361725f6964223b733a333a226e6577223b7d),
('cehh6ic49pe65jta7004g6lhf2ihlcen', '::1', 1573908333, 0x5f5f63695f6c6173745f726567656e65726174657c693a313537333930383333333b757365726e616d657c733a353a2261646d696e223b747970657c733a353a2261646d696e223b6c6f676765645f696e7c623a313b),
('cem2edk2vebap5c9odml00mncntuhr2b', '::1', 1573906773, 0x5f5f63695f6c6173745f726567656e65726174657c693a313537333930363737333b757365726e616d657c733a353a2261646d696e223b747970657c733a353a2261646d696e223b6c6f676765645f696e7c623a313b),
('ch4smj7r4ilsihn8q68o803s9aapfikn', '::1', 1574838784, 0x5f5f63695f6c6173745f726567656e65726174657c693a313537343833383738343b757365726e616d657c733a353a2261646d696e223b747970657c733a353a2261646d696e223b6c6f676765645f696e7c623a313b),
('cqsfs7fa6mo51ms00ujiteo9ao4lr9b9', '::1', 1574834670, 0x5f5f63695f6c6173745f726567656e65726174657c693a313537343833343637303b757365726e616d657c733a343a2275736572223b747970657c733a383a22637573746f6d6572223b6c6f676765645f696e7c623a313b),
('d3ae0gtvpp10e4ulsipmsuaqku45bf35', '::1', 1573930646, 0x5f5f63695f6c6173745f726567656e65726174657c693a313537333933303634363b757365726e616d657c733a353a2261646d696e223b747970657c733a353a2261646d696e223b6c6f676765645f696e7c623a313b6361725f69647c733a323a223231223b5f5f63695f766172737c613a313a7b733a363a226361725f6964223b733a333a226e6577223b7d),
('d6chmn537t9ilq3m4cqd9rvn4ffhjofi', '::1', 1574838455, 0x5f5f63695f6c6173745f726567656e65726174657c693a313537343833383435353b757365726e616d657c733a353a2261646d696e223b747970657c733a353a2261646d696e223b6c6f676765645f696e7c623a313b),
('dghnrie63jjmnmbq4m0t5darjii71ti0', '::1', 1573910148, 0x5f5f63695f6c6173745f726567656e65726174657c693a313537333931303134383b757365726e616d657c733a353a2261646d696e223b747970657c733a353a2261646d696e223b6c6f676765645f696e7c623a313b),
('e6oh22qvvtqku7294mdmbikdrq7kj3md', '::1', 1573920849, 0x5f5f63695f6c6173745f726567656e65726174657c693a313537333932303834393b757365726e616d657c733a353a2261646d696e223b747970657c733a353a2261646d696e223b6c6f676765645f696e7c623a313b),
('ef753ls16tdf27tr41svond73p1g90a8', '::1', 1574835327, 0x5f5f63695f6c6173745f726567656e65726174657c693a313537343833353332373b757365726e616d657c733a353a2261646d696e223b747970657c733a353a2261646d696e223b6c6f676765645f696e7c623a313b),
('ejvmhu9fe03h903a5slk2kq6qka5qf3c', '::1', 1574825773, 0x5f5f63695f6c6173745f726567656e65726174657c693a313537343832353737333b),
('f48335flosrbm5h6ns7ap37pbt4shk79', '::1', 1574849426, 0x5f5f63695f6c6173745f726567656e65726174657c693a313537343834393432363b),
('fei9sd54thmqqqq7ooj5lna70tovjcbh', '::1', 1574834993, 0x5f5f63695f6c6173745f726567656e65726174657c693a313537343833343939333b757365726e616d657c733a343a2275736572223b747970657c733a383a22637573746f6d6572223b6c6f676765645f696e7c623a313b),
('g5h4hgbsiiil3evamek66p3emjhuk20k', '::1', 1573933069, 0x5f5f63695f6c6173745f726567656e65726174657c693a313537333933333036393b757365726e616d657c733a353a2261646d696e223b747970657c733a353a2261646d696e223b6c6f676765645f696e7c623a313b6361725f69647c733a323a223232223b5f5f63695f766172737c613a313a7b733a363a226361725f6964223b733a333a226e6577223b7d),
('g6as4pqm8vo4kflkm6k1khifk6nkl8j4', '::1', 1574059445, 0x5f5f63695f6c6173745f726567656e65726174657c693a313537343035393434333b757365726e616d657c733a353a2261646d696e223b747970657c733a353a2261646d696e223b6c6f676765645f696e7c623a313b),
('gaushn7jn0b9gtcdqb7379o3v7812dds', '::1', 1574834008, 0x5f5f63695f6c6173745f726567656e65726174657c693a313537343833343030383b757365726e616d657c733a343a2275736572223b747970657c733a383a22637573746f6d6572223b6c6f676765645f696e7c623a313b),
('gkfjhgm0e3me3edfj4sf0iva0b14hhfc', '::1', 1574831776, 0x5f5f63695f6c6173745f726567656e65726174657c693a313537343833313737363b),
('gm4k7jcketg7a8149f45mu2a4aa2v06h', '::1', 1573931398, 0x5f5f63695f6c6173745f726567656e65726174657c693a313537333933313339353b757365726e616d657c733a353a2261646d696e223b747970657c733a353a2261646d696e223b6c6f676765645f696e7c623a313b6361725f69647c733a323a223232223b5f5f63695f766172737c613a313a7b733a363a226361725f6964223b733a333a226f6c64223b7d),
('gtnnr2b596gecqi61eni8norjeast0a8', '::1', 1573936125, 0x5f5f63695f6c6173745f726567656e65726174657c693a313537333933363132353b757365726e616d657c733a353a2261646d696e223b747970657c733a353a2261646d696e223b6c6f676765645f696e7c623a313b5f5f63695f766172737c613a313a7b733a363a226361725f6964223b733a333a226f6c64223b7d6361725f69647c733a323a223236223b),
('h6ri1lcuep6viphqi611pj27uuosbsnf', '::1', 1573928781, 0x5f5f63695f6c6173745f726567656e65726174657c693a313537333932383738313b757365726e616d657c733a353a2261646d696e223b747970657c733a353a2261646d696e223b6c6f676765645f696e7c623a313b63617269647c733a323a223231223b5f5f63695f766172737c613a323a7b733a353a226361726964223b733a333a226f6c64223b733a363a226361725f6964223b733a333a226e6577223b7d6361725f69647c733a323a223231223b),
('h8qa5fmh19n2kbtmtg4da2ou6qk8jdlk', '::1', 1573936593, 0x5f5f63695f6c6173745f726567656e65726174657c693a313537333933363539333b757365726e616d657c733a353a2261646d696e223b747970657c733a353a2261646d696e223b6c6f676765645f696e7c623a313b6361725f69647c733a323a223236223b5f5f63695f766172737c613a313a7b733a363a226361725f6964223b733a333a226f6c64223b7d),
('hdpb47ncan87hn3f43c63i51g5hcn84f', '::1', 1574829120, 0x5f5f63695f6c6173745f726567656e65726174657c693a313537343832393132303b),
('hikjke1uic5kulqdltjlmfikipstaocs', '::1', 1573882176, 0x5f5f63695f6c6173745f726567656e65726174657c693a313537333838323137363b),
('hiou6pn7sqjn5lpu5th4tornu1bcoo6p', '::1', 1573934015, 0x5f5f63695f6c6173745f726567656e65726174657c693a313537333933343031353b757365726e616d657c733a353a2261646d696e223b747970657c733a353a2261646d696e223b6c6f676765645f696e7c623a313b6361725f69647c4e3b),
('hkahv49ep1c835jk03qm21s74viafk9e', '::1', 1573926961, 0x5f5f63695f6c6173745f726567656e65726174657c693a313537333932363936313b757365726e616d657c733a353a2261646d696e223b747970657c733a353a2261646d696e223b6c6f676765645f696e7c623a313b),
('hrbqg1sedgu5an9d11lumj6948j53q57', '::1', 1573912259, 0x5f5f63695f6c6173745f726567656e65726174657c693a313537333931323235393b757365726e616d657c733a353a2261646d696e223b747970657c733a353a2261646d696e223b6c6f676765645f696e7c623a313b6361725f69647c733a323a223137223b5f5f63695f766172737c613a313a7b733a363a226361725f6964223b733a333a226f6c64223b7d),
('hsks6in2cdig0r6lonegbianvivmui58', '::1', 1573903612, 0x5f5f63695f6c6173745f726567656e65726174657c693a313537333930333631323b757365726e616d657c733a353a2261646d696e223b747970657c733a353a2261646d696e223b6c6f676765645f696e7c623a313b6361725f69647c733a313a2231223b5f5f63695f766172737c613a313a7b733a363a226361725f6964223b733a333a226f6c64223b7d),
('i3sut29ulb4prgfun4rjsq7lvb90ss39', '::1', 1573909836, 0x5f5f63695f6c6173745f726567656e65726174657c693a313537333930393833363b757365726e616d657c733a353a2261646d696e223b747970657c733a353a2261646d696e223b6c6f676765645f696e7c623a313b),
('ibt8fmracltkbb9abele63ar46puhsim', '::1', 1573933689, 0x5f5f63695f6c6173745f726567656e65726174657c693a313537333933333638393b757365726e616d657c733a353a2261646d696e223b747970657c733a353a2261646d696e223b6c6f676765645f696e7c623a313b6361725f69647c733a323a223232223b5f5f63695f766172737c613a313a7b733a363a226361725f6964223b733a333a226e6577223b7d),
('ic03bbs3jvc3h67vi3trlo5rhi9h5q23', '::1', 1574833380, 0x5f5f63695f6c6173745f726567656e65726174657c693a313537343833333337383b757365726e616d657c733a343a2275736572223b747970657c733a383a22637573746f6d6572223b6c6f676765645f696e7c623a313b),
('icc6f8mfelfe74ip3mf4q1bg634hc2d4', '::1', 1573915205, 0x5f5f63695f6c6173745f726567656e65726174657c693a313537333931353230353b),
('iih0p21vpqvud8bs0com03g7se8qfhfi', '::1', 1574858158, 0x5f5f63695f6c6173745f726567656e65726174657c693a313537343835383135383b6d6573736167657c733a32313a225369676e207570207375636365737366756c6c792e223b5f5f63695f766172737c613a313a7b733a373a226d657373616765223b733a333a226e6577223b7d),
('itcha89svto19uj0m3rlr3db952rotkh', '::1', 1574854220, 0x5f5f63695f6c6173745f726567656e65726174657c693a313537343835343232303b),
('jaiolvgpldlv3bi4juiq8mfiftgbudth', '::1', 1573921170, 0x5f5f63695f6c6173745f726567656e65726174657c693a313537333932313137303b757365726e616d657c733a353a2261646d696e223b747970657c733a353a2261646d696e223b6c6f676765645f696e7c623a313b),
('jeqgc3jgih3k7c54bl260l41jkv4i5kt', '::1', 1573927267, 0x5f5f63695f6c6173745f726567656e65726174657c693a313537333932373236373b757365726e616d657c733a353a2261646d696e223b747970657c733a353a2261646d696e223b6c6f676765645f696e7c623a313b6361725f69647c733a323a223231223b5f5f63695f766172737c613a313a7b733a363a226361725f6964223b733a333a226f6c64223b7d),
('jf8js0497c71iso4pbcsemu4uk9c5598', '::1', 1574051083, 0x5f5f63695f6c6173745f726567656e65726174657c693a313537343035313038333b757365726e616d657c733a353a2261646d696e223b747970657c733a353a2261646d696e223b6c6f676765645f696e7c623a313b),
('jojq1kiesrgn8rdmdfpptpsqn75cleqm', '::1', 1573943796, 0x5f5f63695f6c6173745f726567656e65726174657c693a313537333934333739363b757365726e616d657c733a353a2261646d696e223b747970657c733a353a2261646d696e223b6c6f676765645f696e7c623a313b),
('jp9a49l02i58a3ilhe837pf3mqe1giol', '::1', 1573902628, 0x5f5f63695f6c6173745f726567656e65726174657c693a313537333930323632383b757365726e616d657c733a353a2261646d696e223b747970657c733a353a2261646d696e223b6c6f676765645f696e7c623a313b),
('k7jna576mvs249nog7ajsfedfihmn50a', '::1', 1574073111, 0x5f5f63695f6c6173745f726567656e65726174657c693a313537343037323932313b),
('kduik8tfko4r60k9tusk5alpiu0ase7q', '::1', 1573929596, 0x5f5f63695f6c6173745f726567656e65726174657c693a313537333932393539363b757365726e616d657c733a353a2261646d696e223b747970657c733a353a2261646d696e223b6c6f676765645f696e7c623a313b5f5f63695f766172737c613a323a7b733a353a226361726964223b733a333a226f6c64223b733a363a226361725f6964223b733a333a226e6577223b7d63617269647c733a323a223231223b6361725f69647c733a323a223231223b),
('l0ovakqn1122oe7ajf7ucp3k5926l58q', '::1', 1574827338, 0x5f5f63695f6c6173745f726567656e65726174657c693a313537343832373333383b),
('lahg5f97ml0173m3bpoe185ak7g3jo6b', '::1', 1574864566, 0x5f5f63695f6c6173745f726567656e65726174657c693a313537343836343536363b757365726e616d657c733a353a22686169647a223b747970657c733a383a22637573746f6d6572223b6c6f676765645f696e7c623a313b),
('lbplb56hc243e2gha28e3ln6kcqk578v', '::1', 1574852307, 0x5f5f63695f6c6173745f726567656e65726174657c693a313537343835323330373b6164645f637573746f6d65725f737563636573737c733a32383a22437573746f6d6572207375636365737366756c6c792061646465642e223b5f5f63695f766172737c613a313a7b733a32303a226164645f637573746f6d65725f73756363657373223b733a333a226f6c64223b7d),
('lbqe0uoi1ig40sj29su5t5qnpn6o8b7s', '::1', 1573930975, 0x5f5f63695f6c6173745f726567656e65726174657c693a313537333933303937353b757365726e616d657c733a353a2261646d696e223b747970657c733a353a2261646d696e223b6c6f676765645f696e7c623a313b6361725f69647c733a323a223231223b5f5f63695f766172737c613a313a7b733a363a226361725f6964223b733a333a226e6577223b7d),
('le8h4sh795gk2ve5er1cdvmbio10bn2v', '::1', 1574058203, 0x5f5f63695f6c6173745f726567656e65726174657c693a313537343035383230333b757365726e616d657c733a353a2261646d696e223b747970657c733a353a2261646d696e223b6c6f676765645f696e7c623a313b),
('ljaagf4v15prm5agce3espiqqrt7glr7', '::1', 1573909467, 0x5f5f63695f6c6173745f726567656e65726174657c693a313537333930393436373b757365726e616d657c733a353a2261646d696e223b747970657c733a353a2261646d696e223b6c6f676765645f696e7c623a313b),
('llju2n4tpnjsuc9uicib2h4tnkvr789l', '::1', 1573930228, 0x5f5f63695f6c6173745f726567656e65726174657c693a313537333933303232383b757365726e616d657c733a353a2261646d696e223b747970657c733a353a2261646d696e223b6c6f676765645f696e7c623a313b6361725f69647c733a323a223231223b5f5f63695f766172737c613a313a7b733a363a226361725f6964223b733a333a226e6577223b7d),
('m00k7v6lmbebdmj09b9c0fe6gca1jj7a', '::1', 1573883154, 0x5f5f63695f6c6173745f726567656e65726174657c693a313537333838333135343b757365726e616d657c733a343a2275736572223b747970657c733a383a22637573746f6d6572223b6c6f676765645f696e7c623a313b),
('m1k8psphnld5s0cn4859don0qdg34peg', '::1', 1573884044, 0x5f5f63695f6c6173745f726567656e65726174657c693a313537333838343034343b757365726e616d657c733a343a2275736572223b747970657c733a383a22637573746f6d6572223b6c6f676765645f696e7c623a313b),
('m28139prg9m1iskaivvln3ca93csj519', '::1', 1573913129, 0x5f5f63695f6c6173745f726567656e65726174657c693a313537333931333132393b757365726e616d657c733a353a2261646d696e223b747970657c733a353a2261646d696e223b6c6f676765645f696e7c623a313b),
('m4vcfj7o64affgepdb8ad4to5nvi4a03', '::1', 1574865125, 0x5f5f63695f6c6173745f726567656e65726174657c693a313537343836353132353b757365726e616d657c733a353a2261646d696e223b747970657c733a353a2261646d696e223b6c6f676765645f696e7c623a313b),
('m8ie5902a068uclurtmnpk90vljle7ud', '::1', 1573908026, 0x5f5f63695f6c6173745f726567656e65726174657c693a313537333930383032363b757365726e616d657c733a353a2261646d696e223b747970657c733a353a2261646d696e223b6c6f676765645f696e7c623a313b),
('mh5bsocvakvo3sppovb3a05uluadn1o4', '::1', 1573928258, 0x5f5f63695f6c6173745f726567656e65726174657c693a313537333932383235383b757365726e616d657c733a353a2261646d696e223b747970657c733a353a2261646d696e223b6c6f676765645f696e7c623a313b5f5f63695f766172737c613a313a7b733a363a226361725f6964223b733a333a226e6577223b7d6361725f69647c733a323a223231223b),
('mo178n7b94d4j2vhcpfsinhgds03oiel', '::1', 1574828805, 0x5f5f63695f6c6173745f726567656e65726174657c693a313537343832383830353b),
('mvfcpjh7o4j3ki6ncr3a948tet407ip8', '::1', 1573922260, 0x5f5f63695f6c6173745f726567656e65726174657c693a313537333932323236303b757365726e616d657c733a353a2261646d696e223b747970657c733a353a2261646d696e223b6c6f676765645f696e7c623a313b),
('n0ff0kln588apta3t4d6vg712r9184jo', '::1', 1574853723, 0x5f5f63695f6c6173745f726567656e65726174657c693a313537343835333732333b757365726e616d657c733a353a2261646d696e223b747970657c733a353a2261646d696e223b6c6f676765645f696e7c623a313b),
('n5biqk7bois7t7ck2ck3kbqntpb0j2or', '::1', 1573945113, 0x5f5f63695f6c6173745f726567656e65726174657c693a313537333934353131333b757365726e616d657c733a353a2261646d696e223b747970657c733a353a2261646d696e223b6c6f676765645f696e7c623a313b),
('n936voqopetlbe00e145jinit2ubimig', '::1', 1573903948, 0x5f5f63695f6c6173745f726567656e65726174657c693a313537333930333934383b757365726e616d657c733a353a2261646d696e223b747970657c733a353a2261646d696e223b6c6f676765645f696e7c623a313b656469745f6361725f6d6573736167657c733a32353a224361722075706461746564207375636365737366756c6c792e223b5f5f63695f766172737c613a313a7b733a31363a22656469745f6361725f6d657373616765223b733a333a226f6c64223b7d),
('nabp3nue7rccrr46pse0uj7t17bdmo29', '::1', 1573883736, 0x5f5f63695f6c6173745f726567656e65726174657c693a313537333838333733363b),
('nb4t7n7hisqqntp9elic9f155o4mrof5', '::1', 1573922639, 0x5f5f63695f6c6173745f726567656e65726174657c693a313537333932323633393b757365726e616d657c733a353a2261646d696e223b747970657c733a353a2261646d696e223b6c6f676765645f696e7c623a313b),
('nu5v4j0m4qf891imt427bm5tcdd9pukg', '::1', 1573911052, 0x5f5f63695f6c6173745f726567656e65726174657c693a313537333931313035323b757365726e616d657c733a353a2261646d696e223b747970657c733a353a2261646d696e223b6c6f676765645f696e7c623a313b),
('o6fa9h4n8t7qg1a59krrp1nab1vgf05i', '::1', 1574851003, 0x5f5f63695f6c6173745f726567656e65726174657c693a313537343835313030333b6164645f637573746f6d65725f737563636573737c733a32383a22437573746f6d6572207375636365737366756c6c792061646465642e223b5f5f63695f766172737c613a313a7b733a32303a226164645f637573746f6d65725f73756363657373223b733a333a226f6c64223b7d),
('oce1rojo379k77i938rgpn4jof6pddt8', '::1', 1574833686, 0x5f5f63695f6c6173745f726567656e65726174657c693a313537343833333638363b757365726e616d657c733a343a2275736572223b747970657c733a383a22637573746f6d6572223b6c6f676765645f696e7c623a313b),
('ovcjth4pkli9uhnba1j96r5lajfem36n', '::1', 1574852840, 0x5f5f63695f6c6173745f726567656e65726174657c693a313537343835323834303b757365726e616d657c733a353a2261646d696e223b747970657c733a353a2261646d696e223b6c6f676765645f696e7c623a313b),
('p6vlfqdg4sd4fs920cm7utncnbk7mll0', '::1', 1573923312, 0x5f5f63695f6c6173745f726567656e65726174657c693a313537333932333331323b757365726e616d657c733a353a2261646d696e223b747970657c733a353a2261646d696e223b6c6f676765645f696e7c623a313b),
('pbp9gp9c7aj03jtavf8jjkmtcovitk8i', '::1', 1573944462, 0x5f5f63695f6c6173745f726567656e65726174657c693a313537333934343436323b757365726e616d657c733a353a2261646d696e223b747970657c733a353a2261646d696e223b6c6f676765645f696e7c623a313b5f5f63695f766172737c613a313a7b733a363a226361725f6964223b733a333a226e6577223b7d6361725f69647c733a323a223236223b),
('pmuvchsnljmi7hcl4f5rvjslbv110adn', '::1', 1573902308, 0x5f5f63695f6c6173745f726567656e65726174657c693a313537333930323330383b757365726e616d657c733a353a2261646d696e223b747970657c733a353a2261646d696e223b6c6f676765645f696e7c623a313b),
('pnh38568mgdkgdo8j3tk625rqe4qdt6s', '::1', 1573887675, 0x5f5f63695f6c6173745f726567656e65726174657c693a313537333838373637353b757365726e616d657c733a353a2261646d696e223b747970657c733a353a2261646d696e223b6c6f676765645f696e7c623a313b),
('ptjina9sgjpgpic50n6c3usla83athoj', '::1', 1573918935, 0x5f5f63695f6c6173745f726567656e65726174657c693a313537333931383933333b),
('q2lm6bt1f9l3j6p9ap52rtqdke35rui9', '::1', 1573934688, 0x5f5f63695f6c6173745f726567656e65726174657c693a313537333933343638383b757365726e616d657c733a353a2261646d696e223b747970657c733a353a2261646d696e223b6c6f676765645f696e7c623a313b6361725f69647c733a323a223236223b5f5f63695f766172737c613a313a7b733a363a226361725f6964223b733a333a226f6c64223b7d),
('q39m7mrpi47j04cj8eml8pthsv2c2m53', '::1', 1574057341, 0x5f5f63695f6c6173745f726567656e65726174657c693a313537343035373334313b757365726e616d657c733a353a2261646d696e223b747970657c733a353a2261646d696e223b6c6f676765645f696e7c623a313b),
('q5mu8bt1i1tbbvq8nen3mgro7avt5jek', '::1', 1573926517, 0x5f5f63695f6c6173745f726567656e65726174657c693a313537333932363531373b757365726e616d657c733a353a2261646d696e223b747970657c733a353a2261646d696e223b6c6f676765645f696e7c623a313b),
('q5rk4kp6nlcpak3sigh9kbva63lfg0el', '::1', 1574048085, 0x5f5f63695f6c6173745f726567656e65726174657c693a313537343034383038353b757365726e616d657c733a343a2275736572223b747970657c733a383a22637573746f6d6572223b6c6f676765645f696e7c623a313b),
('q7khta8r4hmbapf72kjv0mnmv8k2pk8e', '::1', 1573917127, 0x5f5f63695f6c6173745f726567656e65726174657c693a313537333931373132373b),
('q8nj3841j4gvfes40chrj24rkgfbp0gd', '::1', 1573921576, 0x5f5f63695f6c6173745f726567656e65726174657c693a313537333932313537363b757365726e616d657c733a353a2261646d696e223b747970657c733a353a2261646d696e223b6c6f676765645f696e7c623a313b),
('qepj2n43u34hm2gtbh7ju7iitj3f3h9u', '::1', 1573919853, 0x5f5f63695f6c6173745f726567656e65726174657c693a313537333931393835333b6361725f69647c693a31393b5f5f63695f766172737c613a313a7b733a363a226361725f6964223b733a333a226f6c64223b7d),
('qh6babfmn22qn5lr6gbhqt7g7qqltutg', '::1', 1573921959, 0x5f5f63695f6c6173745f726567656e65726174657c693a313537333932313935393b757365726e616d657c733a353a2261646d696e223b747970657c733a353a2261646d696e223b6c6f676765645f696e7c623a313b),
('qr2rro4ohlsjc5mq1f642bj7uskm35ud', '::1', 1573944119, 0x5f5f63695f6c6173745f726567656e65726174657c693a313537333934343131393b757365726e616d657c733a353a2261646d696e223b747970657c733a353a2261646d696e223b6c6f676765645f696e7c623a313b),
('rgb0igdpql65k2q9qn5h11b6dqncmq5n', '::1', 1574057699, 0x5f5f63695f6c6173745f726567656e65726174657c693a313537343035373639383b757365726e616d657c733a353a2261646d696e223b747970657c733a353a2261646d696e223b6c6f676765645f696e7c623a313b),
('rj5816134q111925esci1hnnpc74h5v4', '::1', 1574850180, 0x5f5f63695f6c6173745f726567656e65726174657c693a313537343835303138303b),
('rr4da36tagiegvilb3q1du7b0bqegdt0', '::1', 1573918290, 0x5f5f63695f6c6173745f726567656e65726174657c693a313537333931383239303b),
('sf88cjo1op8m4hvjfosoqs3400jhd2r8', '::1', 1574859273, 0x5f5f63695f6c6173745f726567656e65726174657c693a313537343835393237333b757365726e616d657c733a353a22686169647a223b747970657c733a383a22637573746f6d6572223b6c6f676765645f696e7c623a313b),
('sg2rjaf1lqhfpkdsgapes750oaikrie7', '::1', 1574850679, 0x5f5f63695f6c6173745f726567656e65726174657c693a313537343835303637393b),
('sltd1c291s54ajui1sjc1cq50e22j6ha', '::1', 1573902000, 0x5f5f63695f6c6173745f726567656e65726174657c693a313537333930323030303b757365726e616d657c733a353a2261646d696e223b747970657c733a353a2261646d696e223b6c6f676765645f696e7c623a313b),
('t5139a5g6ojp3geckpidrjbhbsq4ap8l', '::1', 1573894602, 0x5f5f63695f6c6173745f726567656e65726174657c693a313537333839343630323b757365726e616d657c733a353a2261646d696e223b747970657c733a353a2261646d696e223b6c6f676765645f696e7c623a313b),
('t6siaf1bn1euudmsgk0fihkhs8eikali', '::1', 1573903288, 0x5f5f63695f6c6173745f726567656e65726174657c693a313537333930333238383b757365726e616d657c733a353a2261646d696e223b747970657c733a353a2261646d696e223b6c6f676765645f696e7c623a313b6361725f69647c733a313a2231223b5f5f63695f766172737c613a313a7b733a363a226361725f6964223b733a333a226e6577223b7d),
('t8jj2tsqgrv63j0n5j8ia3eqbbqlgp8d', '::1', 1573891006, 0x5f5f63695f6c6173745f726567656e65726174657c693a313537333839313030363b757365726e616d657c733a353a2261646d696e223b747970657c733a353a2261646d696e223b6c6f676765645f696e7c623a313b),
('ter4lt5a8s7vvaa4pkqcmcad5qg41q8v', '::1', 1573943489, 0x5f5f63695f6c6173745f726567656e65726174657c693a313537333934333438393b757365726e616d657c733a353a2261646d696e223b747970657c733a353a2261646d696e223b6c6f676765645f696e7c623a313b),
('tkhhc60h3bnldb1r3863mlqb2hrhfo13', '::1', 1573942790, 0x5f5f63695f6c6173745f726567656e65726174657c693a313537333934323739303b757365726e616d657c733a353a2261646d696e223b747970657c733a353a2261646d696e223b6c6f676765645f696e7c623a313b),
('tr1tjs4tcsacpfstes9ccl4ib03f2ff1', '::1', 1573943113, 0x5f5f63695f6c6173745f726567656e65726174657c693a313537333934333131333b757365726e616d657c733a353a2261646d696e223b747970657c733a353a2261646d696e223b6c6f676765645f696e7c623a313b),
('ugo16meiavif0j1gttpqa66a81ae409p', '::1', 1573910746, 0x5f5f63695f6c6173745f726567656e65726174657c693a313537333931303734363b757365726e616d657c733a353a2261646d696e223b747970657c733a353a2261646d696e223b6c6f676765645f696e7c623a313b656469745f6361725f6d6573736167657c733a32353a224361722075706461746564207375636365737366756c6c792e223b5f5f63695f766172737c613a313a7b733a31363a22656469745f6361725f6d657373616765223b733a333a226f6c64223b7d),
('up3gfh7l85j8o86v0nsoov7ntkn5ec0p', '::1', 1574049156, 0x5f5f63695f6c6173745f726567656e65726174657c693a313537343034393135363b757365726e616d657c733a353a2261646d696e223b747970657c733a353a2261646d696e223b6c6f676765645f696e7c623a313b),
('v7eo8umsfnug0vahfirudaqavkiqskrd', '::1', 1573927942, 0x5f5f63695f6c6173745f726567656e65726174657c693a313537333932373934323b757365726e616d657c733a353a2261646d696e223b747970657c733a353a2261646d696e223b6c6f676765645f696e7c623a313b5f5f63695f766172737c613a313a7b733a363a226361725f6964223b733a333a226e6577223b7d6361725f69647c733a323a223231223b),
('vaa41rkclrbpceb1cr98sa216eamcevg', '::1', 1574060569, 0x5f5f63695f6c6173745f726567656e65726174657c693a313537343036303437313b757365726e616d657c733a353a2261646d696e223b747970657c733a353a2261646d696e223b6c6f676765645f696e7c623a313b),
('vb0pmhrkg8n46lvva9kikk6ihb9bk9fo', '::1', 1574832440, 0x5f5f63695f6c6173745f726567656e65726174657c693a313537343833323434303b757365726e616d657c733a343a2275736572223b747970657c733a383a22637573746f6d6572223b6c6f676765645f696e7c623a313b),
('vbq152eru7upfghkccaoc5958nfj8r0m', '::1', 1573941932, 0x5f5f63695f6c6173745f726567656e65726174657c693a313537333934313933323b757365726e616d657c733a353a2261646d696e223b747970657c733a353a2261646d696e223b6c6f676765645f696e7c623a313b),
('vd0aj962dv0rj2npqqdl33mcn4bf2719', '::1', 1573902979, 0x5f5f63695f6c6173745f726567656e65726174657c693a313537333930323937393b757365726e616d657c733a353a2261646d696e223b747970657c733a353a2261646d696e223b6c6f676765645f696e7c623a313b),
('vf4r2f8mf716n847n4hn0gt5rbjv2f87', '::1', 1573891450, 0x5f5f63695f6c6173745f726567656e65726174657c693a313537333839313435303b757365726e616d657c733a353a2261646d696e223b747970657c733a353a2261646d696e223b6c6f676765645f696e7c623a313b),
('vi9vu3v90msreagj8lvsoee1p5dhleco', '::1', 1574047103, 0x5f5f63695f6c6173745f726567656e65726174657c693a313537343034373130333b),
('vo6nnv5b3r1dmecdaoruqfs7s745b38r', '::1', 1574851306, 0x5f5f63695f6c6173745f726567656e65726174657c693a313537343835313330363b);

-- --------------------------------------------------------

--
-- Table structure for table `tbl_car_pic`
--

CREATE TABLE `tbl_car_pic` (
  `pic_id` int(11) NOT NULL,
  `car_id_fk` int(11) NOT NULL,
  `car_pic_name` varchar(255) NOT NULL
) ENGINE=InnoDB DEFAULT CHARSET=latin1;

--
-- Dumping data for table `tbl_car_pic`
--

INSERT INTO `tbl_car_pic` (`pic_id`, `car_id_fk`, `car_pic_name`) VALUES
(62, 26, 'front-car-img-261.jpg'),
(63, 26, 'back-car-img-262.jpg'),
(64, 26, 'interior-car-img-263.jpg'),
(68, 27, 'front-car-img-271.jpg'),
(69, 27, 'back-car-img-272.jpg'),
(70, 27, 'interior-car-img-273.jpg'),
(71, 28, 'front-car-img-281.jpg'),
(72, 28, 'back-car-img-282.jpg'),
(73, 28, 'interior-car-img-283.jpg'),
(74, 29, 'front-car-img-291.jpg'),
(75, 29, 'back-car-img-292.jpg'),
(76, 29, 'interior-car-img-293.jpg'),
(77, 30, 'front-car-img-301.jpg'),
(78, 30, 'back-car-img-302.jpg'),
(79, 30, 'interior-car-img-303.jpg'),
(80, 31, 'front-car-img-311.jpg'),
(81, 31, 'back-car-img-312.jpg'),
(82, 31, 'interior-car-img-313.jpg'),
(83, 32, 'front-car-img-321.jpg'),
(84, 32, 'back-car-img-322.jpg'),
(85, 32, 'interior-car-img-323.jpg');

-- --------------------------------------------------------

--
-- Table structure for table `tbl_car_profile`
--

CREATE TABLE `tbl_car_profile` (
  `car_id` int(11) NOT NULL,
  `car_owner` varchar(255) DEFAULT NULL,
  `car_model` varchar(255) DEFAULT NULL,
  `car_brand` varchar(255) DEFAULT NULL,
  `car_type` varchar(255) DEFAULT NULL,
  `car_seats` varchar(255) DEFAULT NULL,
  `car_color` varchar(255) DEFAULT NULL,
  `car_platenumber` varchar(255) DEFAULT NULL,
  `car_price` varchar(255) DEFAULT NULL,
  `car_fuel_capacity` varchar(255) DEFAULT NULL,
  `car_gas_type` varchar(255) DEFAULT NULL,
  `car_driver` varchar(255) DEFAULT NULL,
  `car_transmission` varchar(255) DEFAULT NULL,
  `car_insurance` varchar(255) DEFAULT NULL,
  `is_available` tinyint(4) NOT NULL DEFAULT 1,
  `created_at` timestamp NOT NULL DEFAULT current_timestamp(),
  `updated_at` timestamp NULL DEFAULT NULL ON UPDATE current_timestamp()
) ENGINE=InnoDB DEFAULT CHARSET=latin1;

--
-- Dumping data for table `tbl_car_profile`
--

INSERT INTO `tbl_car_profile` (`car_id`, `car_owner`, `car_model`, `car_brand`, `car_type`, `car_seats`, `car_color`, `car_platenumber`, `car_price`, `car_fuel_capacity`, `car_gas_type`, `car_driver`, `car_transmission`, `car_insurance`, `is_available`, `created_at`, `updated_at`) VALUES
(26, 'aaaaaaaa', 'aaaaaaaa', 'aaaaaaaa', 'aaaaaaaa', '4', 'aaaaaaaa', 'aaaaaaaa', '12', 'aaaaaaaa', 'Diesel', 'With Driver', 'manual', 'ctp', 1, '2019-11-16 19:52:32', '2019-11-16 20:56:32'),
(27, 'bbbbbbbbb', 'bbbbbbbbb', 'bbbbbbbbb', 'bbbbbbbbb', '4', 'bbbbbbbbb', 'bbbbbbbbb', '2222', 'bbbbbbbbb', 'Unleaded', 'Without Driver', 'automatic', 'cci', 1, '2019-11-16 22:49:01', NULL),
(28, 'eug', 'City Type-R', 'Honda', 'Sedan', '4', 'Matte Black', 'JA214235', '2000', '45', 'Diesel', 'Without Driver', 'manual', 'ctp', 1, '2019-11-18 03:39:32', NULL),
(29, 'Jhet', 'APV', 'Suzuki', 'Van', '8', 'Red', 'ABC300', '2500', '45', 'Unleaded', 'Without Driver', 'manual', 'tpft', 1, '2019-11-18 06:04:46', NULL),
(30, 'Tan', 'Wigo', 'Toyota', 'Sedan', '4', 'Black', 'DTFM30', '1500', '30', 'Unleaded', 'Without Driver', 'automatic', 'cci', 1, '2019-11-18 06:09:03', NULL),
(31, 'Haidir', 'asdfsdaf', 'asdfsdaf', 'asdfsdaf', '4', 'Yellow', 'vasdfsdaf', '123', 'asdasdasd', 'Diesel', 'With Driver', 'manual', 'ctp', 1, '2019-11-27 03:37:21', NULL),
(32, 'adfddffddf', 'adfddffddf', 'adfddffddf', 'adfddffddf', '4', 'adfddffddf', 'adfddffddf', '444', 'adfddffddf', 'Diesel', 'With Driver', 'manual', 'ctp', 1, '2019-11-27 04:02:48', NULL);

-- --------------------------------------------------------

--
-- Table structure for table `tbl_car_rent`
--

CREATE TABLE `tbl_car_rent` (
  `car_rent_id` int(11) NOT NULL,
  `customer_id` int(11) DEFAULT NULL,
  `car_id` int(11) DEFAULT NULL,
  `reserve_id` int(11) DEFAULT NULL,
  `rent_date` varchar(255) DEFAULT NULL,
  `start_date` varchar(255) DEFAULT NULL,
  `end_date` varchar(255) DEFAULT NULL
) ENGINE=InnoDB DEFAULT CHARSET=latin1;

-- --------------------------------------------------------

--
-- Table structure for table `tbl_customer`
--

CREATE TABLE `tbl_customer` (
  `customer_id` int(11) NOT NULL,
  `Name` varchar(255) DEFAULT NULL,
  `age` varchar(255) DEFAULT NULL,
  `current_address` varchar(255) DEFAULT NULL,
  `contact_no` varchar(255) DEFAULT NULL,
  `Birth_Date` varchar(255) DEFAULT NULL,
  `Gender` varchar(255) DEFAULT NULL,
  `license_no` varchar(255) DEFAULT NULL,
  `email` varchar(255) DEFAULT NULL
) ENGINE=InnoDB DEFAULT CHARSET=latin1;

--
-- Dumping data for table `tbl_customer`
--

INSERT INTO `tbl_customer` (`customer_id`, `Name`, `age`, `current_address`, `contact_no`, `Birth_Date`, `Gender`, `license_no`, `email`) VALUES
(1, 'Arczhar Mummuh', '21', 'cabarangan', '0987541344', '1999-07-14', 'Female', 'J-975789999', 'jhet@gmail.com'),
(2, NULL, NULL, 'asd', '12321123213', NULL, NULL, NULL, 'adasdasd@adasd'),
(3, NULL, NULL, 'asd', '123123213', NULL, NULL, NULL, 'asdasdasd@aasdasd.com'),
(4, 'sdfsdsdfsdfsdfsdf', NULL, 'sdfsdsdfsdf', '333333333', NULL, NULL, NULL, 'asdasd@ad.com'),
(6, 'jumong jamong', NULL, 'manila', '12321123213', NULL, NULL, NULL, 'jumong@jamong.com'),
(7, 'jumong jamong', NULL, 'manila', '12321123213', NULL, NULL, NULL, 'jumong@jamong.com'),
(8, 'jumong jamong', NULL, 'manila', '12321123213', NULL, NULL, NULL, 'jumong@jamong.com'),
(9, 'Haidir Hassan', NULL, 'Sta. Barbara', '09059090900', NULL, NULL, NULL, 'haidir@gmail.com');

-- --------------------------------------------------------

--
-- Table structure for table `tbl_employee`
--

CREATE TABLE `tbl_employee` (
  `id` int(11) NOT NULL,
  `first_name` varchar(255) NOT NULL,
  `middle_name` varchar(255) NOT NULL,
  `last_name` varchar(255) NOT NULL,
  `contact` varchar(255) NOT NULL,
  `created_at` timestamp NOT NULL DEFAULT current_timestamp()
) ENGINE=InnoDB DEFAULT CHARSET=latin1;

--
-- Dumping data for table `tbl_employee`
--

INSERT INTO `tbl_employee` (`id`, `first_name`, `middle_name`, `last_name`, `contact`, `created_at`) VALUES
(32, 'asdasd', 'asdasd', 'asdasd', '12312321', '2019-11-11 02:56:19'),
(33, 'fgdsafdsaf', 'dasfsadsfdf', 'adfadsf', '213213123', '2019-11-11 02:56:24'),
(34, 'asdasd', 'asdasd', 'asdasdsa', '1231231231', '2019-11-11 03:06:08'),
(35, 'adsfasdfdf', 'dasfdsaf', 'sdafsdafadsf', '234324234', '2019-11-11 03:06:15'),
(36, 'hsdffgdsdfgfg', 'fdsfggdfsgdsfg', 'fsdfsgdsfdgfgfds', '435345345', '2019-11-11 03:06:21'),
(37, 'vcxbvxvcb', 'vxcbvxcbv', 'cvxxbcxvb', '546456456', '2019-11-11 03:06:30');

-- --------------------------------------------------------

--
-- Table structure for table `tbl_lease`
--

CREATE TABLE `tbl_lease` (
  `lease_id` int(11) NOT NULL,
  `customer_id` varchar(255) DEFAULT NULL,
  `date_of_ownersship` varchar(255) DEFAULT NULL
) ENGINE=InnoDB DEFAULT CHARSET=latin1;

-- --------------------------------------------------------

--
-- Table structure for table `tbl_reserve`
--

CREATE TABLE `tbl_reserve` (
  `reserve_id` int(11) NOT NULL,
  `customer_id` int(11) DEFAULT NULL,
  `car_id` int(11) DEFAULT NULL,
  `reserve_date` varchar(255) DEFAULT NULL,
  `pick_up_date` varchar(255) DEFAULT NULL,
  `pick_up_time` varchar(255) DEFAULT NULL,
  `reserve_status` varchar(255) DEFAULT NULL
) ENGINE=InnoDB DEFAULT CHARSET=latin1;

--
-- Dumping data for table `tbl_reserve`
--

INSERT INTO `tbl_reserve` (`reserve_id`, `customer_id`, `car_id`, `reserve_date`, `pick_up_date`, `pick_up_time`, `reserve_status`) VALUES
(1, 1, 1, 'asd', 'sad', 'asd', 'asd');

-- --------------------------------------------------------

--
-- Table structure for table `tbl_useraccount`
--

CREATE TABLE `tbl_useraccount` (
  `user_id` int(11) NOT NULL,
  `customer_id_fk` int(11) NOT NULL,
  `user_type` varchar(255) DEFAULT NULL,
  `username` varchar(255) DEFAULT NULL,
  `password` varchar(255) DEFAULT NULL
) ENGINE=InnoDB DEFAULT CHARSET=latin1;

--
-- Dumping data for table `tbl_useraccount`
--

INSERT INTO `tbl_useraccount` (`user_id`, `customer_id_fk`, `user_type`, `username`, `password`) VALUES
(1, 0, 'admin', 'admin', 'password'),
(2, 0, 'customer', 'user', 'user12'),
(3, 0, 'customer', 'JHET', 'JHET1234'),
(4, 8, 'customer', 'jumong', 'password'),
(5, 8, 'customer', 'jumong', 'password'),
(6, 8, 'customer', 'jumong', 'password'),
(7, 8, 'customer', 'jumong', 'password'),
(8, 8, 'customer', 'jumong', 'password'),
(9, 8, 'customer', 'jumong', 'password'),
(10, 9, 'customer', 'haidz', 'haidir');

-- --------------------------------------------------------

--
-- Table structure for table `tbl_user_side_account`
--

CREATE TABLE `tbl_user_side_account` (
  `UserID` int(11) NOT NULL,
  `Username` varchar(255) NOT NULL,
  `Password` varchar(255) NOT NULL
) ENGINE=InnoDB DEFAULT CHARSET=latin1;

--
-- Dumping data for table `tbl_user_side_account`
--

INSERT INTO `tbl_user_side_account` (`UserID`, `Username`, `Password`) VALUES
(1, 'jhet', 'jhet123');

--
-- Indexes for dumped tables
--

--
-- Indexes for table `ci_sessions`
--
ALTER TABLE `ci_sessions`
  ADD PRIMARY KEY (`id`),
  ADD KEY `ci_sessions_timestamp` (`timestamp`);

--
-- Indexes for table `tbl_car_pic`
--
ALTER TABLE `tbl_car_pic`
  ADD PRIMARY KEY (`pic_id`),
  ADD KEY `car_id_fk` (`car_id_fk`);

--
-- Indexes for table `tbl_car_profile`
--
ALTER TABLE `tbl_car_profile`
  ADD PRIMARY KEY (`car_id`);

--
-- Indexes for table `tbl_car_rent`
--
ALTER TABLE `tbl_car_rent`
  ADD PRIMARY KEY (`car_rent_id`);

--
-- Indexes for table `tbl_customer`
--
ALTER TABLE `tbl_customer`
  ADD PRIMARY KEY (`customer_id`);

--
-- Indexes for table `tbl_employee`
--
ALTER TABLE `tbl_employee`
  ADD PRIMARY KEY (`id`);

--
-- Indexes for table `tbl_lease`
--
ALTER TABLE `tbl_lease`
  ADD PRIMARY KEY (`lease_id`);

--
-- Indexes for table `tbl_reserve`
--
ALTER TABLE `tbl_reserve`
  ADD PRIMARY KEY (`reserve_id`);

--
-- Indexes for table `tbl_useraccount`
--
ALTER TABLE `tbl_useraccount`
  ADD PRIMARY KEY (`user_id`);

--
-- Indexes for table `tbl_user_side_account`
--
ALTER TABLE `tbl_user_side_account`
  ADD PRIMARY KEY (`UserID`);

--
-- AUTO_INCREMENT for dumped tables
--

--
-- AUTO_INCREMENT for table `tbl_car_pic`
--
ALTER TABLE `tbl_car_pic`
  MODIFY `pic_id` int(11) NOT NULL AUTO_INCREMENT, AUTO_INCREMENT=86;

--
-- AUTO_INCREMENT for table `tbl_car_profile`
--
ALTER TABLE `tbl_car_profile`
  MODIFY `car_id` int(11) NOT NULL AUTO_INCREMENT, AUTO_INCREMENT=33;

--
-- AUTO_INCREMENT for table `tbl_car_rent`
--
ALTER TABLE `tbl_car_rent`
  MODIFY `car_rent_id` int(11) NOT NULL AUTO_INCREMENT;

--
-- AUTO_INCREMENT for table `tbl_customer`
--
ALTER TABLE `tbl_customer`
  MODIFY `customer_id` int(11) NOT NULL AUTO_INCREMENT, AUTO_INCREMENT=10;

--
-- AUTO_INCREMENT for table `tbl_employee`
--
ALTER TABLE `tbl_employee`
  MODIFY `id` int(11) NOT NULL AUTO_INCREMENT, AUTO_INCREMENT=38;

--
-- AUTO_INCREMENT for table `tbl_lease`
--
ALTER TABLE `tbl_lease`
  MODIFY `lease_id` int(11) NOT NULL AUTO_INCREMENT;

--
-- AUTO_INCREMENT for table `tbl_reserve`
--
ALTER TABLE `tbl_reserve`
  MODIFY `reserve_id` int(11) NOT NULL AUTO_INCREMENT, AUTO_INCREMENT=2;

--
-- AUTO_INCREMENT for table `tbl_useraccount`
--
ALTER TABLE `tbl_useraccount`
  MODIFY `user_id` int(11) NOT NULL AUTO_INCREMENT, AUTO_INCREMENT=11;

--
-- AUTO_INCREMENT for table `tbl_user_side_account`
--
ALTER TABLE `tbl_user_side_account`
  MODIFY `UserID` int(11) NOT NULL AUTO_INCREMENT, AUTO_INCREMENT=2;

--
-- Constraints for dumped tables
--

--
-- Constraints for table `tbl_car_pic`
--
ALTER TABLE `tbl_car_pic`
  ADD CONSTRAINT `tbl_car_pic_ibfk_1` FOREIGN KEY (`car_id_fk`) REFERENCES `tbl_car_profile` (`car_id`) ON DELETE CASCADE ON UPDATE CASCADE;
COMMIT;

/*!40101 SET CHARACTER_SET_CLIENT=@OLD_CHARACTER_SET_CLIENT */;
/*!40101 SET CHARACTER_SET_RESULTS=@OLD_CHARACTER_SET_RESULTS */;
/*!40101 SET COLLATION_CONNECTION=@OLD_COLLATION_CONNECTION */;
