-- phpMyAdmin SQL Dump
-- version 4.8.4
-- https://www.phpmyadmin.net/
--
-- Host: 127.0.0.1
-- Generation Time: Nov 14, 2019 at 02:41 AM
-- Server version: 10.1.37-MariaDB
-- PHP Version: 5.6.37

SET SQL_MODE = "NO_AUTO_VALUE_ON_ZERO";
SET AUTOCOMMIT = 0;
START TRANSACTION;
SET time_zone = "+00:00";


/*!40101 SET @OLD_CHARACTER_SET_CLIENT=@@CHARACTER_SET_CLIENT */;
/*!40101 SET @OLD_CHARACTER_SET_RESULTS=@@CHARACTER_SET_RESULTS */;
/*!40101 SET @OLD_COLLATION_CONNECTION=@@COLLATION_CONNECTION */;
/*!40101 SET NAMES utf8mb4 */;

--
-- Database: `car_rentaldb`
--

-- --------------------------------------------------------

--
-- Table structure for table `ci_sessions`
--

CREATE TABLE `ci_sessions` (
  `id` varchar(128) NOT NULL,
  `ip_address` varchar(45) NOT NULL,
  `timestamp` int(10) UNSIGNED NOT NULL DEFAULT '0',
  `data` blob NOT NULL
) ENGINE=InnoDB DEFAULT CHARSET=latin1;

--
-- Dumping data for table `ci_sessions`
--

INSERT INTO `ci_sessions` (`id`, `ip_address`, `timestamp`, `data`) VALUES
('09tmtlta6e0pcbrm4mq5v2keqmmb7ra2', '::1', 1572163195, 0x5f5f63695f6c6173745f726567656e65726174657c693a313537323136333139353b),
('0n6ejhbnaak6q2pdbu9lp89nj8lflpv6', '::1', 1573652099, 0x5f5f63695f6c6173745f726567656e65726174657c693a313537333635323039393b),
('0tjpjbdnt66g81iluvq6rbnt5d7paskd', '::1', 1572981939, 0x5f5f63695f6c6173745f726567656e65726174657c693a313537323938313933393b757365726e616d657c733a353a2261646d696e223b6c6f676765645f696e7c623a313b),
('0u2m5haing8mr9tg5u8jjj3g10b7carp', '::1', 1572070261, 0x5f5f63695f6c6173745f726567656e65726174657c693a313537323037303236313b6c6f67696e5f6661696c65647c733a34363a224c6f67696e206661696c65642c20636865636b20796f757220757365726e616d65206f722070617373776f72642e223b5f5f63695f766172737c613a313a7b733a31323a226c6f67696e5f6661696c6564223b733a333a226f6c64223b7d),
('127amg64h8i1l4koula6hg8a7v41ffcn', '::1', 1573094657, 0x5f5f63695f6c6173745f726567656e65726174657c693a313537333039343438303b757365726e616d657c733a353a2261646d696e223b6c6f676765645f696e7c623a313b),
('1adqhhosg4m0t1i3e27cvsvu8gnb684b', '::1', 1573438720, 0x5f5f63695f6c6173745f726567656e65726174657c693a313537333433383437383b757365726e616d657c733a353a2261646d696e223b6c6f676765645f696e7c623a313b),
('1f0ruua529udv4gu31c5ebupi7gl7hpa', '::1', 1573295367, 0x5f5f63695f6c6173745f726567656e65726174657c693a313537333239353131373b757365726e616d657c733a353a2261646d696e223b6c6f676765645f696e7c623a313b),
('1vktolv20tpflgd6c5re11l2l8mae8sd', '::1', 1572231411, 0x5f5f63695f6c6173745f726567656e65726174657c693a313537323233313431313b),
('2245kmc4epgakqqma4ibt6qdgijbe4ec', '::1', 1572118856, 0x5f5f63695f6c6173745f726567656e65726174657c693a313537323131383835363b757365726e616d657c733a353a2261646d696e223b6c6f676765645f696e7c623a313b),
('262086toh3a0oi9cd25skdj6lqfaptfe', '::1', 1573650668, 0x5f5f63695f6c6173745f726567656e65726174657c693a313537333635303337343b757365726e616d657c733a353a2261646d696e223b6c6f676765645f696e7c623a313b),
('28tpa0kno8nfac684b13jo0f5sdkhht4', '::1', 1573285081, 0x5f5f63695f6c6173745f726567656e65726174657c693a313537333238353037383b757365726e616d657c733a353a2261646d696e223b6c6f676765645f696e7c623a313b),
('290i0tu1ep5on172aud72jl32jkg4deb', '::1', 1572947209, 0x5f5f63695f6c6173745f726567656e65726174657c693a313537323934373230393b757365726e616d657c733a353a2261646d696e223b6c6f676765645f696e7c623a313b),
('2e86otk3cgjiqemrlgmhada9271ok2s0', '::1', 1572105974, 0x5f5f63695f6c6173745f726567656e65726174657c693a313537323130353937343b757365726e616d657c733a353a2261646d696e223b6c6f676765645f696e7c623a313b),
('2k9qfsg3fs40js96h9d8nq8oqtqjg4br', '::1', 1573652852, 0x5f5f63695f6c6173745f726567656e65726174657c693a313537333635323835323b757365726e616d657c733a353a2261646d696e223b6c6f676765645f696e7c623a313b),
('2lt2c2l5beobmm0frk7coq44d7vpuff0', '::1', 1573275236, 0x5f5f63695f6c6173745f726567656e65726174657c693a313537333237353233363b),
('393m9pbvtmec7rsdts3oddd1dbre33b3', '::1', 1573439769, 0x5f5f63695f6c6173745f726567656e65726174657c693a313537333433393630353b757365726e616d657c733a353a2261646d696e223b6c6f676765645f696e7c623a313b),
('3h16e5tk45f6tspr5mkjd05pg8jsu5vn', '::1', 1573437083, 0x5f5f63695f6c6173745f726567656e65726174657c693a313537333433363739353b757365726e616d657c733a353a2261646d696e223b6c6f676765645f696e7c623a313b),
('3j1ipi8i4g92bpg6ibs92l8f51d3flo6', '::1', 1572840497, 0x5f5f63695f6c6173745f726567656e65726174657c693a313537323834303439373b757365726e616d657c733a353a2261646d696e223b6c6f676765645f696e7c623a313b),
('3u1tbg1i7bcsr5mlte6523fgojseoa6g', '::1', 1572231099, 0x5f5f63695f6c6173745f726567656e65726174657c693a313537323233313039393b),
('49ejf6iuscdkce6un8r7t7m171ubotmh', '::1', 1572127943, 0x5f5f63695f6c6173745f726567656e65726174657c693a313537323132373931323b757365726e616d657c733a353a2261646d696e223b6c6f676765645f696e7c623a313b),
('4eam37715dkn724qkos3udslr4ilo2of', '::1', 1573649112, 0x5f5f63695f6c6173745f726567656e65726174657c693a313537333634393038363b),
('4r6gpr8gj2gcvlm7cqrsk913opf495el', '::1', 1573442066, 0x5f5f63695f6c6173745f726567656e65726174657c693a313537333434313939313b757365726e616d657c733a353a2261646d696e223b6c6f676765645f696e7c623a313b),
('4rc5b6pa26nq0lvh9enkn3kdvmf21ek0', '::1', 1573289060, 0x5f5f63695f6c6173745f726567656e65726174657c693a313537333238383739313b757365726e616d657c733a353a2261646d696e223b6c6f676765645f696e7c623a313b),
('54ahs2i67l810i022v64p00lc1oe7dfk', '::1', 1573442540, 0x5f5f63695f6c6173745f726567656e65726174657c693a313537333434323239363b757365726e616d657c733a353a2261646d696e223b6c6f676765645f696e7c623a313b),
('56n358rn1lbo7nnm876h6d07cqvmje8s', '::1', 1573442667, 0x5f5f63695f6c6173745f726567656e65726174657c693a313537333434323636373b757365726e616d657c733a353a2261646d696e223b6c6f676765645f696e7c623a313b),
('5ba1ics4ajov0c7mu9ucb83gjhu0c5b3', '::1', 1573295871, 0x5f5f63695f6c6173745f726567656e65726174657c693a313537333239353538343b757365726e616d657c733a353a2261646d696e223b6c6f676765645f696e7c623a313b),
('5e3qgtc68llp3dtpkqaqtdfdce3vd671', '::1', 1572085743, 0x5f5f63695f6c6173745f726567656e65726174657c693a313537323038353734333b757365726e616d657c733a353a2261646d696e223b6c6f676765645f696e7c623a313b),
('5i7dspdshgulrmeefknqt0fjl3p1c3mc', '::1', 1572082657, 0x5f5f63695f6c6173745f726567656e65726174657c693a313537323038323635373b757365726e616d657c733a353a2261646d696e223b6c6f676765645f696e7c623a313b),
('5ngiu4jig3d9a2ng2mq3scua0alfn6q1', '::1', 1572184870, 0x5f5f63695f6c6173745f726567656e65726174657c693a313537323138343837303b),
('5tavqa81te259t93j98pkd49osucem44', '::1', 1572130342, 0x5f5f63695f6c6173745f726567656e65726174657c693a313537323133303334323b),
('62foip1lq4j085e6n2qs4dhik34a83cu', '::1', 1573279707, 0x5f5f63695f6c6173745f726567656e65726174657c693a313537333237393639303b757365726e616d657c733a353a2261646d696e223b6c6f676765645f696e7c623a313b),
('65lb2r3stu9g4oloj8ts6t7r77egtli8', '::1', 1573288596, 0x5f5f63695f6c6173745f726567656e65726174657c693a313537333238383334333b757365726e616d657c733a353a2261646d696e223b6c6f676765645f696e7c623a313b),
('66drqfg8a4183arbf87a7flb7qsa84bc', '::1', 1572947641, 0x5f5f63695f6c6173745f726567656e65726174657c693a313537323934373634313b757365726e616d657c733a353a2261646d696e223b6c6f676765645f696e7c623a313b),
('6drni0s1ua4fbshgdov32j8s4ddbl12v', '::1', 1572973070, 0x5f5f63695f6c6173745f726567656e65726174657c693a313537323937333036303b757365726e616d657c733a353a2261646d696e223b6c6f676765645f696e7c623a313b),
('6elqg6h8pja263iqh6sisdfdobjml284', '::1', 1572068737, 0x5f5f63695f6c6173745f726567656e65726174657c693a313537323036383733373b),
('6va31sfkaisppi40lac4hk3j16uf4hb6', '::1', 1572840776, 0x5f5f63695f6c6173745f726567656e65726174657c693a313537323834303439373b757365726e616d657c733a353a2261646d696e223b6c6f676765645f696e7c623a313b),
('76m0fsmnbdg4hgr5vfgpes42cnruvms3', '::1', 1573386358, 0x5f5f63695f6c6173745f726567656e65726174657c693a313537333338363335383b),
('7hfj9fclsd7pk2rsiaodfdfnjcjq057t', '::1', 1572130348, 0x5f5f63695f6c6173745f726567656e65726174657c693a313537323133303334323b),
('7ig2tgbql4fe43fc08m6uairr33q7n82', '::1', 1573446348, 0x5f5f63695f6c6173745f726567656e65726174657c693a313537333434363035323b757365726e616d657c733a353a2261646d696e223b6c6f676765645f696e7c623a313b),
('7jgfjjna1nnsc4c6ledl5dghev7pdppo', '::1', 1572241530, 0x5f5f63695f6c6173745f726567656e65726174657c693a313537323234313330323b757365726e616d657c733a353a2261646d696e223b6c6f676765645f696e7c623a313b),
('7vc55tc1eko152t4mclba668llc23m41', '::1', 1572108609, 0x5f5f63695f6c6173745f726567656e65726174657c693a313537323130383630393b757365726e616d657c733a353a2261646d696e223b6c6f676765645f696e7c623a313b),
('80ft8b2097h0sihgn5n9pvm6j9senqrj', '::1', 1572837207, 0x5f5f63695f6c6173745f726567656e65726174657c693a313537323833373230373b),
('83kncfnlefhr52f85i9lt8e2naeu740j', '::1', 1572188149, 0x5f5f63695f6c6173745f726567656e65726174657c693a313537323138383134393b757365726e616d657c733a353a2261646d696e223b6c6f676765645f696e7c623a313b),
('86qinknfliq92q381fkfbua39ic2hict', '::1', 1572079041, 0x5f5f63695f6c6173745f726567656e65726174657c693a313537323037393034313b),
('8k9sqn1igp3f7135nv7rq66pgbuvqtgd', '::1', 1572070724, 0x5f5f63695f6c6173745f726567656e65726174657c693a313537323037303732343b757365726e616d657c733a353a2261646d696e223b6c6f676765645f696e7c623a313b),
('8l1uicb296vkl7ve5tsmtfoaangr5jpl', '::1', 1572188772, 0x5f5f63695f6c6173745f726567656e65726174657c693a313537323138383737323b757365726e616d657c733a353a2261646d696e223b6c6f676765645f696e7c623a313b),
('8l361au4vli3t1lenp4eh2kjod07fbv7', '::1', 1572098870, 0x5f5f63695f6c6173745f726567656e65726174657c693a313537323039383837303b),
('90u1ur2irsn7ml2hqoi0nj02sm6a70jj', '::1', 1573694063, 0x5f5f63695f6c6173745f726567656e65726174657c693a313537333639333939333b757365726e616d657c733a353a2261646d696e223b6c6f676765645f696e7c623a313b),
('95bdl2tn62ede6k1q6vn4lgrmkvvp71u', '::1', 1572190911, 0x5f5f63695f6c6173745f726567656e65726174657c693a313537323139303931313b757365726e616d657c733a353a2261646d696e223b6c6f676765645f696e7c623a313b),
('95mgghd97m6cejpdvp3nv9jt0bts3r12', '::1', 1573653639, 0x5f5f63695f6c6173745f726567656e65726174657c693a313537333635333437373b),
('975i10uths6ur68kbbamp6ashc1u86gs', '::1', 1573179090, 0x5f5f63695f6c6173745f726567656e65726174657c693a313537333137383739313b757365726e616d657c733a353a2261646d696e223b6c6f676765645f696e7c623a313b),
('9bq24og1bacci2vipuflvgh4ej08envh', '::1', 1572185599, 0x5f5f63695f6c6173745f726567656e65726174657c693a313537323138353539393b),
('9cig21mm94n8lrivi909tcse1skohu8p', '::1', 1572990602, 0x5f5f63695f6c6173745f726567656e65726174657c693a313537323939303630323b757365726e616d657c733a353a2261646d696e223b6c6f676765645f696e7c623a313b),
('9fepmul59j2scklm7rmeqbl1q5f94hoe', '::1', 1572105592, 0x5f5f63695f6c6173745f726567656e65726174657c693a313537323130353539323b757365726e616d657c733a353a2261646d696e223b6c6f676765645f696e7c623a313b),
('9i4chejhvn1dd5juijms5r110cdp02m1', '::1', 1572186109, 0x5f5f63695f6c6173745f726567656e65726174657c693a313537323138363130393b),
('9v9t2c872i4ta68qu0t4uurgdkecr6u6', '::1', 1572118888, 0x5f5f63695f6c6173745f726567656e65726174657c693a313537323131383835363b757365726e616d657c733a353a2261646d696e223b6c6f676765645f696e7c623a313b),
('a62pbtum2va8uofkvjkt48k8ksgk24gk', '::1', 1572083018, 0x5f5f63695f6c6173745f726567656e65726174657c693a313537323038333031383b757365726e616d657c733a353a2261646d696e223b6c6f676765645f696e7c623a313b),
('adkcnh17sf7fhbkbtkbl44pfagi71m8u', '::1', 1572078636, 0x5f5f63695f6c6173745f726567656e65726174657c693a313537323037383633363b),
('ae9ibbkqtofcetgjoamd4ees8e0o49u9', '::1', 1573178449, 0x5f5f63695f6c6173745f726567656e65726174657c693a313537333137383433343b757365726e616d657c733a353a2261646d696e223b6c6f676765645f696e7c623a313b),
('ag7ukuj5pb0atedgcj0flbhml38uhh6s', '::1', 1572836889, 0x5f5f63695f6c6173745f726567656e65726174657c693a313537323833363838393b),
('agoog8msce30b7lepmq6q2s0i5fshq5m', '::1', 1573301730, 0x5f5f63695f6c6173745f726567656e65726174657c693a313537333330313733303b757365726e616d657c733a353a2261646d696e223b6c6f676765645f696e7c623a313b),
('ar0g3kbt8s5vi2e6r6svctempgi9lgd8', '::1', 1572092121, 0x5f5f63695f6c6173745f726567656e65726174657c693a313537323039323132313b757365726e616d657c733a353a2261646d696e223b6c6f676765645f696e7c623a313b),
('as62c22mpjs9ldcjdegv9gq5nt2c0hd4', '::1', 1573296981, 0x5f5f63695f6c6173745f726567656e65726174657c693a313537333239363735383b757365726e616d657c733a353a2261646d696e223b6c6f676765645f696e7c623a313b),
('b3m3m43esgc28o04orghirmb662o9igr', '::1', 1573179211, 0x5f5f63695f6c6173745f726567656e65726174657c693a313537333137393130323b757365726e616d657c733a353a2261646d696e223b6c6f676765645f696e7c623a313b),
('bebdt81462vu58c6k1rv3vungdjdpb0q', '::1', 1573638160, 0x5f5f63695f6c6173745f726567656e65726174657c693a313537333633383136303b),
('bhsraiiggdvkoo85of4ep4fbfgn016p8', '::1', 1572960458, 0x5f5f63695f6c6173745f726567656e65726174657c693a313537323936303435383b),
('bqb4eqegd82fdasno3emgf3uuoqb4dt7', '::1', 1571781815, 0x5f5f63695f6c6173745f726567656e65726174657c693a313537313738313831353b757365726e616d657c733a353a2261646d696e223b6c6f676765645f696e7c623a313b),
('bsa9aah2hitc87f97ggs7de1m4jdpvli', '::1', 1572991365, 0x5f5f63695f6c6173745f726567656e65726174657c693a313537323939313336353b757365726e616d657c733a353a2261646d696e223b6c6f676765645f696e7c623a313b),
('cd3adpnmdh47noulj65f8kcjsnpiafgq', '::1', 1572938006, 0x5f5f63695f6c6173745f726567656e65726174657c693a313537323933383030363b),
('cgkp6rd0mj8gfbb5hhj5f2ols7293dn8', '::1', 1573436062, 0x5f5f63695f6c6173745f726567656e65726174657c693a313537333433353736353b757365726e616d657c733a353a2261646d696e223b6c6f676765645f696e7c623a313b),
('ch20vkjh8hucudb1oigpavrkcobm19ei', '::1', 1572101690, 0x5f5f63695f6c6173745f726567656e65726174657c693a313537323130313639303b757365726e616d657c733a353a2261646d696e223b6c6f676765645f696e7c623a313b),
('che04m1mr33v9nicr5c8epvk5b7hu573', '::1', 1572946682, 0x5f5f63695f6c6173745f726567656e65726174657c693a313537323934363638323b757365726e616d657c733a353a2261646d696e223b6c6f676765645f696e7c623a313b),
('ci0ucnpog7ckbv4hjhjb3vv3qn87u7n9', '::1', 1572981946, 0x5f5f63695f6c6173745f726567656e65726174657c693a313537323938313933393b757365726e616d657c733a353a2261646d696e223b6c6f676765645f696e7c623a313b),
('clir2k0hfo9vhg08he9qtml8j15lpjbk', '::1', 1573440991, 0x5f5f63695f6c6173745f726567656e65726174657c693a313537333434303830393b757365726e616d657c733a353a2261646d696e223b6c6f676765645f696e7c623a313b),
('cq46a51mhobon8mi0hp0vlh5649hc0fs', '::1', 1573441644, 0x5f5f63695f6c6173745f726567656e65726174657c693a313537333434313536333b757365726e616d657c733a353a2261646d696e223b6c6f676765645f696e7c623a313b),
('csjtib01e5b9g4t3mtrfq9t1vdj6aon3', '::1', 1572231712, 0x5f5f63695f6c6173745f726567656e65726174657c693a313537323233313731323b6c6f67696e5f6661696c65647c733a34363a224c6f67696e206661696c65642c20636865636b20796f757220757365726e616d65206f722070617373776f72642e223b5f5f63695f766172737c613a313a7b733a31323a226c6f67696e5f6661696c6564223b733a333a226f6c64223b7d),
('daur5j7tir1hdqro3ko6nmiu9497n56n', '::1', 1572837983, 0x5f5f63695f6c6173745f726567656e65726174657c693a313537323833373938333b757365726e616d657c733a353a2261646d696e223b6c6f676765645f696e7c623a313b),
('dh0g83qhm0ubrkn1lacsvlgii5495gjm', '::1', 1571781888, 0x5f5f63695f6c6173745f726567656e65726174657c693a313537313738313836393b757365726e616d657c733a353a2261646d696e223b6c6f676765645f696e7c623a313b),
('dm9d6846ob3hs06vjnatajatecic2878', '::1', 1572190322, 0x5f5f63695f6c6173745f726567656e65726174657c693a313537323139303332323b757365726e616d657c733a353a2261646d696e223b6c6f676765645f696e7c623a313b6164645f6361725f737563636573737c733a32333a22436172207375636365737366756c6c792061646465642e223b5f5f63695f766172737c613a313a7b733a31353a226164645f6361725f73756363657373223b733a333a226f6c64223b7d),
('dn5sdih1j75gbbvr7u10p2nuja9d36u8', '::1', 1572086930, 0x5f5f63695f6c6173745f726567656e65726174657c693a313537323038363933303b757365726e616d657c733a353a2261646d696e223b6c6f676765645f696e7c623a313b),
('dns4mn7m85ftppd8bc7hdks5jmn1jknj', '::1', 1573651559, 0x5f5f63695f6c6173745f726567656e65726174657c693a313537333635313336313b),
('ds61cg4uk79miuv558dbtugi1e3hcqno', '::1', 1573694717, 0x5f5f63695f6c6173745f726567656e65726174657c693a313537333639343433323b757365726e616d657c733a353a2261646d696e223b6c6f676765645f696e7c623a313b),
('dv4jtu862qlebbkubmt9eti332j8fcpr', '::1', 1572115300, 0x5f5f63695f6c6173745f726567656e65726174657c693a313537323131353330303b757365726e616d657c733a353a2261646d696e223b6c6f676765645f696e7c623a313b),
('eebq715mf9eat9bv25gfou32c5a5ljqa', '::1', 1572081134, 0x5f5f63695f6c6173745f726567656e65726174657c693a313537323038313133343b),
('efvnm3ltik48h3v07v7fb4efbqpd6tic', '::1', 1573446634, 0x5f5f63695f6c6173745f726567656e65726174657c693a313537333434363336313b757365726e616d657c733a353a2261646d696e223b6c6f676765645f696e7c623a313b),
('f58ans5f5otmsah93a8m894rnq3tgld6', '::1', 1572088027, 0x5f5f63695f6c6173745f726567656e65726174657c693a313537323038373830383b757365726e616d657c733a353a2261646d696e223b6c6f676765645f696e7c623a313b),
('fh38c24d08p9fi8n4r32t7snv78kv82r', '::1', 1572190918, 0x5f5f63695f6c6173745f726567656e65726174657c693a313537323139303931313b757365726e616d657c733a353a2261646d696e223b6c6f676765645f696e7c623a313b),
('fij37qfbehouc9fhu3dl6uks77ifkddk', '::1', 1572085314, 0x5f5f63695f6c6173745f726567656e65726174657c693a313537323038353331343b757365726e616d657c733a353a2261646d696e223b6c6f676765645f696e7c623a313b),
('fjgqgsn2jv7vatia4j77c55o7lu20jo3', '::1', 1573437178, 0x5f5f63695f6c6173745f726567656e65726174657c693a313537333433373130343b757365726e616d657c733a353a2261646d696e223b6c6f676765645f696e7c623a313b),
('fn4eat6b1c5bbcdjgdbca7toc04apl1s', '::1', 1573445970, 0x5f5f63695f6c6173745f726567656e65726174657c693a313537333434353734333b757365726e616d657c733a353a2261646d696e223b6c6f676765645f696e7c623a313b),
('fuk1vhorj1er0vsevdrmo6vi36v8rfis', '::1', 1573438272, 0x5f5f63695f6c6173745f726567656e65726174657c693a313537333433383039313b757365726e616d657c733a353a2261646d696e223b6c6f676765645f696e7c623a313b),
('gebvtpv9ailumqqenntkhaoplda5oc1i', '::1', 1573639707, 0x5f5f63695f6c6173745f726567656e65726174657c693a313537333633393730373b),
('gjhpoba00j0f1gr0u3sf7a04hmfbe0hn', '::1', 1572140646, 0x5f5f63695f6c6173745f726567656e65726174657c693a313537323134303634363b757365726e616d657c733a353a2261646d696e223b6c6f676765645f696e7c623a313b),
('gng5erpm39u4dcj405c66pu0168t558r', '::1', 1572837562, 0x5f5f63695f6c6173745f726567656e65726174657c693a313537323833373536323b),
('h2h3k387ugojm9tvjj9mhmg9b2gsj3b7', '::1', 1571781263, 0x5f5f63695f6c6173745f726567656e65726174657c693a313537313738313236333b757365726e616d657c733a353a2261646d696e223b6c6f676765645f696e7c623a313b),
('hb07jcujvujvbs4cmsr0h4g6s3lak8fd', '::1', 1572087808, 0x5f5f63695f6c6173745f726567656e65726174657c693a313537323038373830383b757365726e616d657c733a353a2261646d696e223b6c6f676765645f696e7c623a313b),
('hga9nhev9uvop1kkb77nk7dohecvg5bu', '::1', 1572992017, 0x5f5f63695f6c6173745f726567656e65726174657c693a313537323939323031373b757365726e616d657c733a353a2261646d696e223b6c6f676765645f696e7c623a313b),
('hnlt1615sckno49pti7dqa8sa9tbsnt0', '::1', 1572187836, 0x5f5f63695f6c6173745f726567656e65726174657c693a313537323138373833363b757365726e616d657c733a353a2261646d696e223b6c6f676765645f696e7c623a313b),
('hnpa26ei55ks0riigd192gfldc21qaf4', '::1', 1573441342, 0x5f5f63695f6c6173745f726567656e65726174657c693a313537333434313235383b757365726e616d657c733a353a2261646d696e223b6c6f676765645f696e7c623a313b),
('hpmncqdpkkh839qkos7tb7d4q0sdek61', '::1', 1572189773, 0x5f5f63695f6c6173745f726567656e65726174657c693a313537323138393737333b757365726e616d657c733a353a2261646d696e223b6c6f676765645f696e7c623a313b6164645f6361725f737563636573737c733a32333a22436172207375636365737366756c6c792061646465642e223b5f5f63695f766172737c613a313a7b733a31353a226164645f6361725f73756363657373223b733a333a226f6c64223b7d),
('idr8vgr32bhsfnnhu90bt5nslrd4ulet', '::1', 1573446882, 0x5f5f63695f6c6173745f726567656e65726174657c693a313537333434363636353b757365726e616d657c733a353a2261646d696e223b6c6f676765645f696e7c623a313b),
('ikaoehud9mkor0v7ulmv73lka46kurgd', '::1', 1572079768, 0x5f5f63695f6c6173745f726567656e65726174657c693a313537323037393736383b),
('ikg4crim56kbejpboq49ose5qrgo6gap', '::1', 1573685961, 0x5f5f63695f6c6173745f726567656e65726174657c693a313537333638353931323b),
('ili57n9p5ut6ktoq9gmerckbrhm9nht5', '::1', 1572114389, 0x5f5f63695f6c6173745f726567656e65726174657c693a313537323131343338393b757365726e616d657c733a353a2261646d696e223b6c6f676765645f696e7c623a313b),
('iqh7tpbu29l4ubpltdpf6vperq65vebe', '::1', 1573438088, 0x5f5f63695f6c6173745f726567656e65726174657c693a313537333433373739303b757365726e616d657c733a353a2261646d696e223b6c6f676765645f696e7c623a313b),
('is068hve3ag1lmk28rha7r19fil9g28f', '::1', 1573655417, 0x5f5f63695f6c6173745f726567656e65726174657c693a313537333635353239393b),
('ivm5fv3bqpulrjm33e69g8f5q4jddm8n', '::1', 1572224069, 0x5f5f63695f6c6173745f726567656e65726174657c693a313537323232343030353b757365726e616d657c733a353a2261646d696e223b6c6f676765645f696e7c623a313b),
('j6df9d3bibcmek7flgs7dqk0bb4c050p', '::1', 1572081517, 0x5f5f63695f6c6173745f726567656e65726174657c693a313537323038313433363b),
('jk1c9kochkk93klrilj3f3lj0u7m061g', '::1', 1572978696, 0x5f5f63695f6c6173745f726567656e65726174657c693a313537323937383639363b757365726e616d657c733a353a2261646d696e223b6c6f676765645f696e7c623a313b),
('jo9v15ic31u9itam220kree49fq0s1qo', '::1', 1573440550, 0x5f5f63695f6c6173745f726567656e65726174657c693a313537333434303333323b757365726e616d657c733a353a2261646d696e223b6c6f676765645f696e7c623a313b),
('jq4aoif9mr7d6t47idvkns6e350o73pi', '::1', 1572184424, 0x5f5f63695f6c6173745f726567656e65726174657c693a313537323138343432343b),
('k3305qr6h1adjfge4fbflff71kut4j5r', '::1', 1572069231, 0x5f5f63695f6c6173745f726567656e65726174657c693a313537323036393233313b757365726e616d657c733a353a2261646d696e223b6c6f676765645f696e7c623a313b),
('k3bj429d9723ahl6fiv7rho34knlokv0', '::1', 1572070724, 0x5f5f63695f6c6173745f726567656e65726174657c693a313537323037303732343b757365726e616d657c733a353a2261646d696e223b6c6f676765645f696e7c623a313b),
('kfcf2a9kh60djv3gugjjsvo4tcm5tthj', '::1', 1573287687, 0x5f5f63695f6c6173745f726567656e65726174657c693a313537333238373634333b757365726e616d657c733a353a2261646d696e223b6c6f676765645f696e7c623a313b),
('ki17eagfr8etjqvrauvnhqq2lu4o1om2', '::1', 1573277809, 0x5f5f63695f6c6173745f726567656e65726174657c693a313537333237373637363b757365726e616d657c733a353a2261646d696e223b6c6f676765645f696e7c623a313b),
('kjpa2ggg0t3al6hv7pjjt48ob5s4agrk', '::1', 1573694840, 0x5f5f63695f6c6173745f726567656e65726174657c693a313537333639343737353b757365726e616d657c733a353a2261646d696e223b6c6f676765645f696e7c623a313b),
('kuglbkle5s8cj4qghkq3545gvlubnbjb', '::1', 1572116495, 0x5f5f63695f6c6173745f726567656e65726174657c693a313537323131363439353b757365726e616d657c733a353a2261646d696e223b6c6f676765645f696e7c623a313b),
('lc6fcij4fis5ugkmfm6i2d1jjpr6u1d4', '::1', 1572239927, 0x5f5f63695f6c6173745f726567656e65726174657c693a313537323233393932373b757365726e616d657c733a353a2261646d696e223b6c6f676765645f696e7c623a313b),
('lnujtbm1n62f2t26hjbrcbmj82ijhtl2', '::1', 1572080805, 0x5f5f63695f6c6173745f726567656e65726174657c693a313537323038303830353b),
('lpcce76kugvuif1kguc66cv0m3omif73', '::1', 1573651680, 0x5f5f63695f6c6173745f726567656e65726174657c693a313537333635313637333b),
('lpe9s8h72b981v0bunboa74m8hp14fca', '::1', 1572241302, 0x5f5f63695f6c6173745f726567656e65726174657c693a313537323234313330323b757365726e616d657c733a353a2261646d696e223b6c6f676765645f696e7c623a313b),
('lqm39hput7ea134tfoomd2i16el88gb0', '::1', 1572113851, 0x5f5f63695f6c6173745f726567656e65726174657c693a313537323131333835313b757365726e616d657c733a353a2261646d696e223b6c6f676765645f696e7c623a313b),
('m5c4qsahg3mmje84i697rl573f5qtnue', '::1', 1572114969, 0x5f5f63695f6c6173745f726567656e65726174657c693a313537323131343936393b757365726e616d657c733a353a2261646d696e223b6c6f676765645f696e7c623a313b),
('m5stavimbtm5o6on074s1bl8o5ae7a3m', '::1', 1572238712, 0x5f5f63695f6c6173745f726567656e65726174657c693a313537323233383731323b),
('m7itdrbvionfd1ahi0ejt3uf2rniop9j', '::1', 1572231712, 0x5f5f63695f6c6173745f726567656e65726174657c693a313537323233313731323b6c6f67696e5f6661696c65647c733a34363a224c6f67696e206661696c65642c20636865636b20796f757220757365726e616d65206f722070617373776f72642e223b5f5f63695f766172737c613a313a7b733a31323a226c6f67696e5f6661696c6564223b733a333a226e6577223b7d),
('ma127gjrar1f6e6husvup29qvfsmvcjm', '::1', 1573654894, 0x5f5f63695f6c6173745f726567656e65726174657c693a313537333635343839343b),
('mgtgse5nsdphbq9a7kpltnelam66uuk4', '::1', 1573628641, 0x5f5f63695f6c6173745f726567656e65726174657c693a313537333632383537393b),
('mnqvdc6r6qrs4dj1jrcmqlutgp1vd8s8', '::1', 1572108963, 0x5f5f63695f6c6173745f726567656e65726174657c693a313537323130383936333b757365726e616d657c733a353a2261646d696e223b6c6f676765645f696e7c623a313b),
('n2innos68vt30lfmbsjv8belgcmucf4d', '::1', 1572084146, 0x5f5f63695f6c6173745f726567656e65726174657c693a313537323038343134363b757365726e616d657c733a353a2261646d696e223b6c6f676765645f696e7c623a313b),
('n2umtj7pepcqom35ig3h4gk9lvu3kj6d', '::1', 1573639327, 0x5f5f63695f6c6173745f726567656e65726174657c693a313537333633393332373b),
('nlgrnvghdn0fijo078pvi6303ic470dc', '::1', 1573296171, 0x5f5f63695f6c6173745f726567656e65726174657c693a313537333239353839333b757365726e616d657c733a353a2261646d696e223b6c6f676765645f696e7c623a313b),
('nolmdmemo6vqhvig8omskc9m1afvjksl', '::1', 1573437545, 0x5f5f63695f6c6173745f726567656e65726174657c693a313537333433373437333b757365726e616d657c733a353a2261646d696e223b6c6f676765645f696e7c623a313b),
('nu64c84po00e35o3sbvdg3kkj78qj2fd', '::1', 1572163335, 0x5f5f63695f6c6173745f726567656e65726174657c693a313537323136333139353b757365726e616d657c733a353a2261646d696e223b6c6f676765645f696e7c623a313b),
('nuv2l0q564n46k6au6r3ch1d6rsplri9', '::1', 1572081436, 0x5f5f63695f6c6173745f726567656e65726174657c693a313537323038313433363b),
('o42er3cvmpjab41hvrau3iojcs3sea0k', '::1', 1572240831, 0x5f5f63695f6c6173745f726567656e65726174657c693a313537323234303833313b),
('o513uqkhukje49gdj5ch2k950vn55b9j', '::1', 1572098023, 0x5f5f63695f6c6173745f726567656e65726174657c693a313537323039383032333b),
('oaqfi17hlqll9e3mlakeha8dhpfch159', '::1', 1573436316, 0x5f5f63695f6c6173745f726567656e65726174657c693a313537333433363037313b757365726e616d657c733a353a2261646d696e223b6c6f676765645f696e7c623a313b),
('oh2dcuea5g5623n9vi9s7f0ib9vh8rcn', '::1', 1573627997, 0x5f5f63695f6c6173745f726567656e65726174657c693a313537333632373939373b),
('oifdlcd452uh3dsi8tu7ugq5scjpamm7', '::1', 1572115690, 0x5f5f63695f6c6173745f726567656e65726174657c693a313537323131353639303b757365726e616d657c733a353a2261646d696e223b6c6f676765645f696e7c623a313b),
('ok99l2fdc9hfuqhdg4ldin0nq829mjjv', '::1', 1572106758, 0x5f5f63695f6c6173745f726567656e65726174657c693a313537323130363735383b757365726e616d657c733a353a2261646d696e223b6c6f676765645f696e7c623a313b),
('olsq2471h8g3cthmd09egj6f8hi3p3jc', '::1', 1572992115, 0x5f5f63695f6c6173745f726567656e65726174657c693a313537323939323031373b757365726e616d657c733a353a2261646d696e223b6c6f676765645f696e7c623a313b6164645f6361725f737563636573737c733a32333a22436172207375636365737366756c6c792061646465642e223b5f5f63695f766172737c613a313a7b733a31353a226164645f6361725f73756363657373223b733a333a226f6c64223b7d),
('onogahd7pph2957rkjsgihr935376s8n', '::1', 1572189418, 0x5f5f63695f6c6173745f726567656e65726174657c693a313537323138393431383b757365726e616d657c733a353a2261646d696e223b6c6f676765645f696e7c623a313b6164645f6361725f737563636573737c733a32333a22436172207375636365737366756c6c792061646465642e223b5f5f63695f766172737c613a313a7b733a31353a226164645f6361725f73756363657373223b733a333a226f6c64223b7d),
('orbotqsr0qa3tccrsh4eso58pvc9btc6', '::1', 1572080114, 0x5f5f63695f6c6173745f726567656e65726174657c693a313537323038303131343b),
('p2mbvf7befc6jqpe5356mqd0b2321qfp', '::1', 1573444366, 0x5f5f63695f6c6173745f726567656e65726174657c693a313537333434343335393b757365726e616d657c733a353a2261646d696e223b6c6f676765645f696e7c623a313b),
('p30q86qpgsn884nrub9d2j6ro1hlm325', '::1', 1572948084, 0x5f5f63695f6c6173745f726567656e65726174657c693a313537323934373936303b757365726e616d657c733a353a2261646d696e223b6c6f676765645f696e7c623a313b),
('pgp11nb0tvec1rm5ar22p10bhgenr0do', '::1', 1572991696, 0x5f5f63695f6c6173745f726567656e65726174657c693a313537323939313639363b757365726e616d657c733a353a2261646d696e223b6c6f676765645f696e7c623a313b),
('prb8d0fvsoum46ljjo6h6p9ah2rpl1hs', '::1', 1572098919, 0x5f5f63695f6c6173745f726567656e65726174657c693a313537323039383837303b),
('ptimfqkcjfm7rru04ebdm8nl49gss1p5', '::1', 1572186840, 0x5f5f63695f6c6173745f726567656e65726174657c693a313537323138363834303b6164645f656d706c6f7965655f737563636573737c733a32383a22456d706c6f796565207375636365737366756c6c792061646465642e223b5f5f63695f766172737c613a313a7b733a32303a226164645f656d706c6f7965655f73756363657373223b733a333a226f6c64223b7d),
('q45qm8024h3rnjckm6pgolvtt6sfod8o', '::1', 1572981599, 0x5f5f63695f6c6173745f726567656e65726174657c693a313537323938313539393b757365726e616d657c733a353a2261646d696e223b6c6f676765645f696e7c623a313b),
('qc6kl2dbt195cie3kkocvlf1a1pbkedv', '::1', 1572091539, 0x5f5f63695f6c6173745f726567656e65726174657c693a313537323039313533393b757365726e616d657c733a353a2261646d696e223b6c6f676765645f696e7c623a313b),
('qda0isg045354er42hkpmoemvqhkjvj4', '::1', 1572086060, 0x5f5f63695f6c6173745f726567656e65726174657c693a313537323038363036303b757365726e616d657c733a353a2261646d696e223b6c6f676765645f696e7c623a313b),
('qhcncfb2f6438k9cvih12rajp127keho', '::1', 1572100946, 0x5f5f63695f6c6173745f726567656e65726174657c693a313537323130303934333b757365726e616d657c733a353a2261646d696e223b6c6f676765645f696e7c623a313b),
('qklna9tidrplugnkdq45b2othlb13aru', '::1', 1572109195, 0x5f5f63695f6c6173745f726567656e65726174657c693a313537323130393033313b),
('r0vchqk9hvivtih6tbfm33ehfqi3flp1', '::1', 1572141136, 0x5f5f63695f6c6173745f726567656e65726174657c693a313537323134313133363b757365726e616d657c733a353a2261646d696e223b6c6f676765645f696e7c623a313b),
('r14k4jtbg0i9v51f6be4ncui38rbq9t5', '::1', 1573693934, 0x5f5f63695f6c6173745f726567656e65726174657c693a313537333639333637333b757365726e616d657c733a353a2261646d696e223b6c6f676765645f696e7c623a313b),
('r5936uv567rl84j37u40odkmu18pnj6b', '::1', 1572088685, 0x5f5f63695f6c6173745f726567656e65726174657c693a313537323038383638353b757365726e616d657c733a353a2261646d696e223b6c6f676765645f696e7c623a313b),
('r740md2tmpfk0s9n3gigo5k8nj2sh9fp', '::1', 1572086604, 0x5f5f63695f6c6173745f726567656e65726174657c693a313537323038363630343b757365726e616d657c733a353a2261646d696e223b6c6f676765645f696e7c623a313b),
('rb9n91l6bbcgsdlnu84ft3ur1bhrcd4q', '::1', 1572092284, 0x5f5f63695f6c6173745f726567656e65726174657c693a313537323039323132313b757365726e616d657c733a353a2261646d696e223b6c6f676765645f696e7c623a313b),
('rcbeqk5l6ae93laq2q0l0rlvm4gn3va4', '::1', 1573651054, 0x5f5f63695f6c6173745f726567656e65726174657c693a313537333635303739383b),
('rcvqo2q850slp4mm2n0004nlc4li7eaf', '::1', 1573296287, 0x5f5f63695f6c6173745f726567656e65726174657c693a313537333239363139343b757365726e616d657c733a353a2261646d696e223b6c6f676765645f696e7c623a313b),
('rgsc6g1njdvv074mf2eno7kplgfks2o9', '::1', 1572141136, 0x5f5f63695f6c6173745f726567656e65726174657c693a313537323134313133363b757365726e616d657c733a353a2261646d696e223b6c6f676765645f696e7c623a313b),
('s9skfqtjos0v84d5lculqij0belr5kpb', '::1', 1572116140, 0x5f5f63695f6c6173745f726567656e65726174657c693a313537323131363134303b757365726e616d657c733a353a2261646d696e223b6c6f676765645f696e7c623a313b),
('sgobq6k7d5vt92utblve0qjujlteogoq', '::1', 1573267328, 0x5f5f63695f6c6173745f726567656e65726174657c693a313537333236373330373b757365726e616d657c733a353a2261646d696e223b6c6f676765645f696e7c623a313b),
('spv370lnggdc9bpftl0usopuo9tuiqtv', '::1', 1573288324, 0x5f5f63695f6c6173745f726567656e65726174657c693a313537333238383032353b757365726e616d657c733a353a2261646d696e223b6c6f676765645f696e7c623a313b),
('su0sbqr1h57hb6c4rjn3n7pu1smaep5t', '::1', 1572186842, 0x5f5f63695f6c6173745f726567656e65726174657c693a313537323138363834303b),
('tdis8c8dpfgp1aak25vsd2k8rce0s7au', '::1', 1572106410, 0x5f5f63695f6c6173745f726567656e65726174657c693a313537323130363431303b757365726e616d657c733a353a2261646d696e223b6c6f676765645f696e7c623a313b),
('to2p31maqajpnscgg2nv77h31q8n0dke', '::1', 1572239548, 0x5f5f63695f6c6173745f726567656e65726174657c693a313537323233393534383b757365726e616d657c733a353a2261646d696e223b6c6f676765645f696e7c623a313b),
('tpnna2i992f9825v8n532q9k3cu9ns1o', '::1', 1572083846, 0x5f5f63695f6c6173745f726567656e65726174657c693a313537323038333834333b757365726e616d657c733a353a2261646d696e223b6c6f676765645f696e7c623a313b),
('tq160kd0gligbdrfmds0fpfr82mngpgc', '::1', 1572938006, 0x5f5f63695f6c6173745f726567656e65726174657c693a313537323933383030363b),
('u0mend3sghjthfdgfou94olqhrf0f9lv', '::1', 1573385897, 0x5f5f63695f6c6173745f726567656e65726174657c693a313537333338353738323b757365726e616d657c733a353a2261646d696e223b6c6f676765645f696e7c623a313b),
('u1bellnml1ge9dfs8dd9d70opinqlrv0', '::1', 1572947960, 0x5f5f63695f6c6173745f726567656e65726174657c693a313537323934373936303b757365726e616d657c733a353a2261646d696e223b6c6f676765645f696e7c623a313b),
('u6q8j74rf9ll9kta4qbb9fqu5lk9b1jp', '::1', 1572087323, 0x5f5f63695f6c6173745f726567656e65726174657c693a313537323038373332333b757365726e616d657c733a353a2261646d696e223b6c6f676765645f696e7c623a313b),
('uc6ibv7o8dakukhg0ks45nqn0dfuctdb', '::1', 1572100628, 0x5f5f63695f6c6173745f726567656e65726174657c693a313537323130303632383b757365726e616d657c733a353a2261646d696e223b6c6f676765645f696e7c623a313b),
('udqs0409o6lgq02lmv9cdlua01041afi', '::1', 1572079352, 0x5f5f63695f6c6173745f726567656e65726174657c693a313537323037393335323b),
('ugh0f41hd9qq12k0782r38aed4mkn9t2', '::1', 1572188461, 0x5f5f63695f6c6173745f726567656e65726174657c693a313537323138383436313b757365726e616d657c733a353a2261646d696e223b6c6f676765645f696e7c623a313b),
('ul5b43f09er4dp7e2gcp3u0bkofaj0a3', '::1', 1572089114, 0x5f5f63695f6c6173745f726567656e65726174657c693a313537323038393131343b757365726e616d657c733a353a2261646d696e223b6c6f676765645f696e7c623a313b),
('v4lmb4d0vh46pfpcjdfn7vkne8ked4dv', '::1', 1572116870, 0x5f5f63695f6c6173745f726567656e65726174657c693a313537323131363837303b757365726e616d657c733a353a2261646d696e223b6c6f676765645f696e7c623a313b),
('veg5ev2ilft0nq0vivja3vmn2pko1114', '::1', 1572185174, 0x5f5f63695f6c6173745f726567656e65726174657c693a313537323138353137343b),
('veulnd2d7pvl0q9al8mvs3snl1r0nrdk', '::1', 1573304754, 0x5f5f63695f6c6173745f726567656e65726174657c693a313537333330343631353b757365726e616d657c733a353a2261646d696e223b6c6f676765645f696e7c623a313b),
('vh2nhr6b095rcn8avmuokdo5n4ok6bok', '::1', 1572189094, 0x5f5f63695f6c6173745f726567656e65726174657c693a313537323138393039343b757365726e616d657c733a353a2261646d696e223b6c6f676765645f696e7c623a313b),
('vle3pk79bhrm0629mnpifpask8alt32j', '::1', 1573308497, 0x5f5f63695f6c6173745f726567656e65726174657c693a313537333330383438333b757365726e616d657c733a353a2261646d696e223b6c6f676765645f696e7c623a313b),
('vot23k8igjrepsjaneivviq8euc1i487', '::1', 1573439019, 0x5f5f63695f6c6173745f726567656e65726174657c693a313537333433383834303b757365726e616d657c733a353a2261646d696e223b6c6f676765645f696e7c623a313b),
('vpud4ghsrhe7c26kp16ufl53mnqdtop3', '::1', 1573640294, 0x5f5f63695f6c6173745f726567656e65726174657c693a313537333634303238303b),
('vr66sm7o23k3k1021jng4r57njhmd5m9', '::1', 1572839398, 0x5f5f63695f6c6173745f726567656e65726174657c693a313537323833393339363b757365726e616d657c733a353a2261646d696e223b6c6f676765645f696e7c623a313b);

-- --------------------------------------------------------

--
-- Table structure for table `tbl_car_pic`
--

CREATE TABLE `tbl_car_pic` (
  `pic_id` int(11) NOT NULL,
  `car_id_fk` int(11) NOT NULL,
  `car_pic_name` varchar(255) NOT NULL
) ENGINE=InnoDB DEFAULT CHARSET=latin1;

--
-- Dumping data for table `tbl_car_pic`
--

INSERT INTO `tbl_car_pic` (`pic_id`, `car_id_fk`, `car_pic_name`) VALUES
(1, 7, 'car_rental1.jpg'),
(2, 7, '0cb513918a3a5720158e786380772ad3_0021.jpg'),
(3, 7, '24df379839aaa95b42c11a165bb1b1971.jpg'),
(4, 7, '102511.jpg'),
(5, 8, 'car_rental2.jpg'),
(6, 8, '0cb513918a3a5720158e786380772ad3_0022.jpg'),
(7, 8, '24df379839aaa95b42c11a165bb1b1972.jpg'),
(8, 8, '102512.jpg'),
(9, 13, '0c983a6e64c091dc644ff2074ec0054e.jpg'),
(10, 13, '0cb513918a3a5720158e786380772ad3.jpg'),
(11, 13, '0cb513918a3a5720158e786380772ad3_0023.jpg'),
(12, 13, '0d9bcb8810559146c4ba7ff14c858342.jpg');

-- --------------------------------------------------------

--
-- Table structure for table `tbl_car_profile`
--

CREATE TABLE `tbl_car_profile` (
  `car_id` int(11) NOT NULL,
  `car_owner` varchar(255) DEFAULT NULL,
  `car_model` varchar(255) DEFAULT NULL,
  `car_brand` varchar(255) DEFAULT NULL,
  `car_type` varchar(255) DEFAULT NULL,
  `car_seats` varchar(255) DEFAULT NULL,
  `car_color` varchar(255) DEFAULT NULL,
  `car_platenumber` varchar(255) DEFAULT NULL,
  `car_price` varchar(255) DEFAULT NULL,
  `car_fuel_capacity` varchar(255) DEFAULT NULL,
  `car_gas_type` varchar(255) DEFAULT NULL,
  `car_driver` varchar(255) DEFAULT NULL,
  `car_transmission` varchar(255) DEFAULT NULL,
  `car_insurance` varchar(255) DEFAULT NULL,
  `created_at` timestamp NOT NULL DEFAULT CURRENT_TIMESTAMP
) ENGINE=InnoDB DEFAULT CHARSET=latin1;

--
-- Dumping data for table `tbl_car_profile`
--

INSERT INTO `tbl_car_profile` (`car_id`, `car_owner`, `car_model`, `car_brand`, `car_type`, `car_seats`, `car_color`, `car_platenumber`, `car_price`, `car_fuel_capacity`, `car_gas_type`, `car_driver`, `car_transmission`, `car_insurance`, `created_at`) VALUES
(1, 'Loremipsum', 'Loremipsum', 'Loremipsum', 'Loremipsum', '4', 'Loremipsum', 'Loremipsum', '1', 'Loremipsum', 'Diesel', 'With Driver', 'manual', 'ctp', '2019-11-05 21:52:00'),
(2, 'Loremipsum', 'Loremipsum', 'Loremipsum', 'Loremipsum', '4', 'Loremipsum', 'Loremipsum', '1', 'Loremipsum', 'Diesel', 'With Driver', 'manual', 'ctp', '2019-11-05 21:53:37'),
(3, 'Loremipsum', 'Loremipsum', 'Loremipsum', 'Loremipsum', '4', 'Loremipsum', 'Loremipsum', '1', 'Loremipsum', 'Diesel', 'With Driver', 'manual', 'ctp', '2019-11-05 21:54:06'),
(4, 'Loremipsum', 'Loremipsum', 'Loremipsum', 'Loremipsum', '4', 'Loremipsum', 'Loremipsum', '1', 'Loremipsum', 'Diesel', 'With Driver', 'manual', 'ctp', '2019-11-05 21:54:28'),
(5, 'Loremipsumaw', 'Loremipsum', 'Loremipsum', 'Loremipsum', '4', 'Loremipsum', 'Loremipsum', '1', 'Loremipsum', 'Diesel', 'With Driver', 'manual', 'ctp', '2019-11-05 21:54:46'),
(6, 'Loremipsumddddd', 'Loremipsum', 'Loremipsum', 'Loremipsum', '4', 'Loremipsum', 'Loremipsum', '1', 'Loremipsum', 'Diesel', 'With Driver', 'manual', 'ctp', '2019-11-05 22:03:13'),
(7, 'Loremipsumddddd', 'Loremipsum', 'Loremipsum', 'Loremipsum', '4', 'Loremipsum', 'Loremipsum', '1', 'Loremipsum', 'Diesel', 'With Driver', 'manual', 'ctp', '2019-11-05 22:04:28'),
(8, 'Loremipsumddddd', 'Loremipsum', 'Loremipsum', 'Loremipsum', '4', 'Loremipsum', 'Loremipsum', '1', 'Loremipsum', 'Diesel', 'With Driver', 'manual', 'ctp', '2019-11-05 22:08:16'),
(9, 'Loremipsum', 'Loremipsum', 'Loremipsum', 'Loremipsum', '4', 'Loremipsum', 'Loremipsum', '1', 'Loremipsum', 'Diesel', 'With Driver', 'manual', 'ctp', '2019-11-05 22:10:25'),
(10, 'Loremipsum', 'Loremipsum', 'Loremipsum', 'Loremipsum', '4', 'Loremipsum', 'Loremipsum', '1', 'Loremipsum', 'Diesel', 'With Driver', 'manual', 'ctp', '2019-11-05 22:13:40'),
(11, 'Loremipsum', 'Loremipsum', 'Loremipsum', 'Loremipsum', '4', 'Loremipsum', 'Loremipsum', '1', 'Loremipsum', 'Diesel', 'With Driver', 'manual', 'ctp', '2019-11-05 22:14:06'),
(12, 'Loremipsum', 'Loremipsum', 'Loremipsum', 'Loremipsum', '4', 'Loremipsum', 'Loremipsum', '1', 'Loremipsum', 'Diesel', 'With Driver', 'manual', 'ctp', '2019-11-05 22:14:46'),
(13, 'Loremipsumlllll', 'Loremipsum', 'Loremipsum', 'Loremipsum', '4', 'Loremipsum', 'Loremipsum', '1', 'Loremipsum', 'Diesel', 'With Driver', 'manual', 'ctp', '2019-11-05 22:15:14'),
(14, 'Loremipsum', 'Loremipsum', 'Loremipsum', 'Loremipsum', '4', 'Loremipsum', 'Loremipsum', '1', 'Loremipsum', 'Diesel', 'With Driver', 'manual', 'ctp', '2019-11-07 02:44:15'),
(15, 'Loremipsum', 'Loremipsum', 'Loremipsum', 'Loremipsum', '4', 'Loremipsum', 'Loremipsum', '1', 'Loremipsum', 'Diesel', 'With Driver', 'manual', 'ctp', '2019-11-09 10:43:27'),
(16, 'Loremipsum', 'Loremipsum', 'Loremipsum', 'Loremipsum', '4', 'Loremipsum', 'Loremipsum', '1', 'Loremipsum', 'Diesel', 'With Driver', 'manual', 'ctp', '2019-11-09 10:43:31');

-- --------------------------------------------------------

--
-- Table structure for table `tbl_car_rent`
--

CREATE TABLE `tbl_car_rent` (
  `car_rent_id` int(11) NOT NULL,
  `customer_id` int(11) DEFAULT NULL,
  `car_id` int(11) DEFAULT NULL,
  `reserve_id` int(11) DEFAULT NULL,
  `rent_date` varchar(255) DEFAULT NULL,
  `start_date` varchar(255) DEFAULT NULL,
  `end_date` varchar(255) DEFAULT NULL
) ENGINE=InnoDB DEFAULT CHARSET=latin1;

-- --------------------------------------------------------

--
-- Table structure for table `tbl_customer`
--

CREATE TABLE `tbl_customer` (
  `customer_id` int(11) NOT NULL,
  `cust_Fname` varchar(255) DEFAULT NULL,
  `cust_LName` varchar(255) DEFAULT NULL,
  `current_address` varchar(255) DEFAULT NULL,
  `contact_no` varchar(255) DEFAULT NULL,
  `email_address` varchar(255) DEFAULT NULL,
  `birth_date` varchar(255) DEFAULT NULL,
  `license_no` varchar(255) DEFAULT NULL,
  `License_picture` varchar(255) DEFAULT NULL,
  `govid_no` varchar(255) DEFAULT NULL,
  `gov_picture` varchar(255) DEFAULT NULL,
  `user_id_fk` int(11) DEFAULT NULL
) ENGINE=InnoDB DEFAULT CHARSET=latin1;

-- --------------------------------------------------------

--
-- Table structure for table `tbl_employee`
--

CREATE TABLE `tbl_employee` (
  `id` int(11) NOT NULL,
  `first_name` varchar(255) NOT NULL,
  `middle_name` varchar(255) NOT NULL,
  `last_name` varchar(255) NOT NULL,
  `contact` varchar(255) NOT NULL,
  `created_at` timestamp NOT NULL DEFAULT CURRENT_TIMESTAMP
) ENGINE=InnoDB DEFAULT CHARSET=latin1;

--
-- Dumping data for table `tbl_employee`
--

INSERT INTO `tbl_employee` (`id`, `first_name`, `middle_name`, `last_name`, `contact`, `created_at`) VALUES
(32, 'asdasd', 'asdasd', 'asdasd', '12312321', '2019-11-11 02:56:19'),
(33, 'fgdsafdsaf', 'dasfsadsfdf', 'adfadsf', '213213123', '2019-11-11 02:56:24'),
(34, 'asdasd', 'asdasd', 'asdasdsa', '1231231231', '2019-11-11 03:06:08'),
(35, 'adsfasdfdf', 'dasfdsaf', 'sdafsdafadsf', '234324234', '2019-11-11 03:06:15'),
(36, 'hsdffgdsdfgfg', 'fdsfggdfsgdsfg', 'fsdfsgdsfdgfgfds', '435345345', '2019-11-11 03:06:21'),
(37, 'vcxbvxvcb', 'vxcbvxcbv', 'cvxxbcxvb', '546456456', '2019-11-11 03:06:30');

-- --------------------------------------------------------

--
-- Table structure for table `tbl_lease`
--

CREATE TABLE `tbl_lease` (
  `lease_id` int(11) NOT NULL,
  `customer_id` varchar(255) DEFAULT NULL,
  `date_of_ownersship` varchar(255) DEFAULT NULL
) ENGINE=InnoDB DEFAULT CHARSET=latin1;

-- --------------------------------------------------------

--
-- Table structure for table `tbl_reserve`
--

CREATE TABLE `tbl_reserve` (
  `reserve_id` int(11) NOT NULL,
  `customer_id` int(11) DEFAULT NULL,
  `car_id` int(11) DEFAULT NULL,
  `reserve_date` varchar(255) DEFAULT NULL,
  `pick_up_date` varchar(255) DEFAULT NULL,
  `pick_up_time` varchar(255) DEFAULT NULL,
  `reserve_status` varchar(255) DEFAULT NULL
) ENGINE=InnoDB DEFAULT CHARSET=latin1;

-- --------------------------------------------------------

--
-- Table structure for table `tbl_useraccount`
--

CREATE TABLE `tbl_useraccount` (
  `user_id` int(11) NOT NULL,
  `user_type` varchar(255) DEFAULT NULL,
  `username` varchar(255) DEFAULT NULL,
  `password` varchar(255) DEFAULT NULL
) ENGINE=InnoDB DEFAULT CHARSET=latin1;

--
-- Dumping data for table `tbl_useraccount`
--

INSERT INTO `tbl_useraccount` (`user_id`, `user_type`, `username`, `password`) VALUES
(1, 'admin', 'admin', 'password');

-- --------------------------------------------------------

--
-- Table structure for table `tbl_user_side_account`
--

CREATE TABLE `tbl_user_side_account` (
  `UserID` int(11) NOT NULL,
  `Username` varchar(255) NOT NULL,
  `Password` varchar(255) NOT NULL
) ENGINE=InnoDB DEFAULT CHARSET=latin1;

--
-- Dumping data for table `tbl_user_side_account`
--

INSERT INTO `tbl_user_side_account` (`UserID`, `Username`, `Password`) VALUES
(1, 'jhet', 'jhet123');

--
-- Indexes for dumped tables
--

--
-- Indexes for table `ci_sessions`
--
ALTER TABLE `ci_sessions`
  ADD PRIMARY KEY (`id`),
  ADD KEY `ci_sessions_timestamp` (`timestamp`);

--
-- Indexes for table `tbl_car_pic`
--
ALTER TABLE `tbl_car_pic`
  ADD PRIMARY KEY (`pic_id`),
  ADD KEY `car_id_fk` (`car_id_fk`);

--
-- Indexes for table `tbl_car_profile`
--
ALTER TABLE `tbl_car_profile`
  ADD PRIMARY KEY (`car_id`);

--
-- Indexes for table `tbl_car_rent`
--
ALTER TABLE `tbl_car_rent`
  ADD PRIMARY KEY (`car_rent_id`);

--
-- Indexes for table `tbl_customer`
--
ALTER TABLE `tbl_customer`
  ADD PRIMARY KEY (`customer_id`),
  ADD KEY `user_id_fk` (`user_id_fk`);

--
-- Indexes for table `tbl_employee`
--
ALTER TABLE `tbl_employee`
  ADD PRIMARY KEY (`id`);

--
-- Indexes for table `tbl_lease`
--
ALTER TABLE `tbl_lease`
  ADD PRIMARY KEY (`lease_id`);

--
-- Indexes for table `tbl_reserve`
--
ALTER TABLE `tbl_reserve`
  ADD PRIMARY KEY (`reserve_id`);

--
-- Indexes for table `tbl_useraccount`
--
ALTER TABLE `tbl_useraccount`
  ADD PRIMARY KEY (`user_id`);

--
-- Indexes for table `tbl_user_side_account`
--
ALTER TABLE `tbl_user_side_account`
  ADD PRIMARY KEY (`UserID`);

--
-- AUTO_INCREMENT for dumped tables
--

--
-- AUTO_INCREMENT for table `tbl_car_pic`
--
ALTER TABLE `tbl_car_pic`
  MODIFY `pic_id` int(11) NOT NULL AUTO_INCREMENT, AUTO_INCREMENT=13;

--
-- AUTO_INCREMENT for table `tbl_car_profile`
--
ALTER TABLE `tbl_car_profile`
  MODIFY `car_id` int(11) NOT NULL AUTO_INCREMENT, AUTO_INCREMENT=17;

--
-- AUTO_INCREMENT for table `tbl_car_rent`
--
ALTER TABLE `tbl_car_rent`
  MODIFY `car_rent_id` int(11) NOT NULL AUTO_INCREMENT;

--
-- AUTO_INCREMENT for table `tbl_customer`
--
ALTER TABLE `tbl_customer`
  MODIFY `customer_id` int(11) NOT NULL AUTO_INCREMENT;

--
-- AUTO_INCREMENT for table `tbl_employee`
--
ALTER TABLE `tbl_employee`
  MODIFY `id` int(11) NOT NULL AUTO_INCREMENT, AUTO_INCREMENT=38;

--
-- AUTO_INCREMENT for table `tbl_lease`
--
ALTER TABLE `tbl_lease`
  MODIFY `lease_id` int(11) NOT NULL AUTO_INCREMENT;

--
-- AUTO_INCREMENT for table `tbl_reserve`
--
ALTER TABLE `tbl_reserve`
  MODIFY `reserve_id` int(11) NOT NULL AUTO_INCREMENT;

--
-- AUTO_INCREMENT for table `tbl_useraccount`
--
ALTER TABLE `tbl_useraccount`
  MODIFY `user_id` int(11) NOT NULL AUTO_INCREMENT, AUTO_INCREMENT=2;

--
-- AUTO_INCREMENT for table `tbl_user_side_account`
--
ALTER TABLE `tbl_user_side_account`
  MODIFY `UserID` int(11) NOT NULL AUTO_INCREMENT, AUTO_INCREMENT=2;

--
-- Constraints for dumped tables
--

--
-- Constraints for table `tbl_car_pic`
--
ALTER TABLE `tbl_car_pic`
  ADD CONSTRAINT `tbl_car_pic_ibfk_1` FOREIGN KEY (`car_id_fk`) REFERENCES `tbl_car_profile` (`car_id`) ON DELETE CASCADE ON UPDATE CASCADE;

--
-- Constraints for table `tbl_customer`
--
ALTER TABLE `tbl_customer`
  ADD CONSTRAINT `tbl_customer_ibfk_1` FOREIGN KEY (`user_id_fk`) REFERENCES `tbl_useraccount` (`user_id`);
COMMIT;

/*!40101 SET CHARACTER_SET_CLIENT=@OLD_CHARACTER_SET_CLIENT */;
/*!40101 SET CHARACTER_SET_RESULTS=@OLD_CHARACTER_SET_RESULTS */;
/*!40101 SET COLLATION_CONNECTION=@OLD_COLLATION_CONNECTION */;
