-- phpMyAdmin SQL Dump
-- version 4.9.0.1
-- https://www.phpmyadmin.net/
--
-- Host: 127.0.0.1
-- Generation Time: Dec 01, 2019 at 04:30 AM
-- Server version: 10.4.6-MariaDB
-- PHP Version: 7.1.31

SET SQL_MODE = "NO_AUTO_VALUE_ON_ZERO";
SET AUTOCOMMIT = 0;
START TRANSACTION;
SET time_zone = "+00:00";


/*!40101 SET @OLD_CHARACTER_SET_CLIENT=@@CHARACTER_SET_CLIENT */;
/*!40101 SET @OLD_CHARACTER_SET_RESULTS=@@CHARACTER_SET_RESULTS */;
/*!40101 SET @OLD_COLLATION_CONNECTION=@@COLLATION_CONNECTION */;
/*!40101 SET NAMES utf8mb4 */;

--
-- Database: `car_rentaldb`
--

-- --------------------------------------------------------

--
-- Table structure for table `ci_sessions`
--

CREATE TABLE `ci_sessions` (
  `id` varchar(128) NOT NULL,
  `ip_address` varchar(45) NOT NULL,
  `timestamp` int(10) UNSIGNED NOT NULL DEFAULT 0,
  `data` blob NOT NULL
) ENGINE=InnoDB DEFAULT CHARSET=latin1;

--
-- Dumping data for table `ci_sessions`
--

INSERT INTO `ci_sessions` (`id`, `ip_address`, `timestamp`, `data`) VALUES
('01ea1202hvpeubb7l1hec7e5fgu0lpbh', '::1', 1575168817, 0x5f5f63695f6c6173745f726567656e65726174657c693a313537353136383831373b757365726e616d657c733a353a22686169647a223b747970657c733a383a22637573746f6d6572223b6c6f676765645f696e7c623a313b637573746f6d657269647c733a323a223131223b637573746f6d65726e616d657c733a31333a224861696469722048617373616e223b),
('0birk9ce5dsenpip10tj7qgmauj8fvg4', '::1', 1575139398, 0x5f5f63695f6c6173745f726567656e65726174657c693a313537353133393339383b757365726e616d657c733a353a2261646d696e223b747970657c733a353a2261646d696e223b6c6f676765645f696e7c623a313b),
('0v668f8au2lkc45kgp93h1ltogept9rn', '::1', 1575126044, 0x5f5f63695f6c6173745f726567656e65726174657c693a313537353132363034343b757365726e616d657c733a353a22686169647a223b747970657c733a383a22637573746f6d6572223b6c6f676765645f696e7c623a313b637573746f6d657269647c733a323a223131223b637573746f6d65726e616d657c733a31333a224861696469722048617373616e223b),
('17fjr024837d2on1c5ooe5d2j6l44rc9', '::1', 1574926123, 0x5f5f63695f6c6173745f726567656e65726174657c693a313537343932363132333b),
('18pom2efjrlibrgbij93t1tienldnii5', '::1', 1574921390, 0x5f5f63695f6c6173745f726567656e65726174657c693a313537343932313339303b757365726e616d657c733a353a2261646d696e223b747970657c733a353a2261646d696e223b6c6f676765645f696e7c623a313b66726f6d7c733a31303a22323031392d31312d3239223b5f5f63695f766172737c613a323a7b733a343a2266726f6d223b693a313537343932383334313b733a323a22746f223b693a313537343932383334313b7d746f7c733a31303a22323031392d31312d3330223b),
('1acc3h7ppt730tavpkkdpcramchkolvr', '::1', 1575152506, 0x5f5f63695f6c6173745f726567656e65726174657c693a313537353135323530363b),
('1f36ld86ppjmkad0u7os66h8ks8f5575', '::1', 1574925417, 0x5f5f63695f6c6173745f726567656e65726174657c693a313537343932353431373b757365726e616d657c733a353a2261646d696e223b747970657c733a353a2261646d696e223b6c6f676765645f696e7c623a313b66726f6d7c733a31303a22323031392d31312d3239223b5f5f63695f766172737c613a323a7b733a343a2266726f6d223b693a313537343933303639313b733a323a22746f223b693a313537343933303639313b7d746f7c733a31303a22323031392d31312d3330223b),
('1k207il1fqns32har6m046b5fkso59ka', '::1', 1574917563, 0x5f5f63695f6c6173745f726567656e65726174657c693a313537343931373536333b757365726e616d657c733a353a2261646d696e223b747970657c733a353a2261646d696e223b6c6f676765645f696e7c623a313b),
('1pc4f0d3prhsr4uohcq5nf0vp79kvir7', '::1', 1575164468, 0x5f5f63695f6c6173745f726567656e65726174657c693a313537353136343436383b757365726e616d657c733a353a2261646d696e223b747970657c733a353a2261646d696e223b6c6f676765645f696e7c623a313b),
('2fo44m5fal3figk0iq3573t84uki7pj2', '::1', 1575068910, 0x5f5f63695f6c6173745f726567656e65726174657c693a313537353036383931303b757365726e616d657c733a353a22686169647a223b747970657c733a383a22637573746f6d6572223b6c6f676765645f696e7c623a313b637573746f6d657269647c733a323a223131223b66726f6d7c733a31303a22323032302d30322d3133223b5f5f63695f766172737c613a323a7b733a343a2266726f6d223b693a313537353037343637353b733a323a22746f223b693a313537353037343637353b7d746f7c733a31303a22323032302d30322d3134223b),
('2qll1g7513uuh4l23r7q947q3reqoniq', '::1', 1574922446, 0x5f5f63695f6c6173745f726567656e65726174657c693a313537343932323434363b757365726e616d657c733a353a2261646d696e223b747970657c733a353a2261646d696e223b6c6f676765645f696e7c623a313b66726f6d7c733a31303a22323031392d31312d3239223b5f5f63695f766172737c613a323a7b733a343a2266726f6d223b693a313537343932383334313b733a323a22746f223b693a313537343932383334313b7d746f7c733a31303a22323031392d31312d3330223b),
('33t3ihuj3st996q8ur8k63gsji8atdi0', '::1', 1575170252, 0x5f5f63695f6c6173745f726567656e65726174657c693a313537353137303235323b757365726e616d657c733a353a22686169647a223b747970657c733a383a22637573746f6d6572223b6c6f676765645f696e7c623a313b637573746f6d657269647c733a323a223131223b637573746f6d65726e616d657c733a31333a224861696469722048617373616e223b),
('3fmjolhu3t42b4idmod4kqnmfgumpgup', '::1', 1574918448, 0x5f5f63695f6c6173745f726567656e65726174657c693a313537343931383434383b757365726e616d657c733a353a2261646d696e223b747970657c733a353a2261646d696e223b6c6f676765645f696e7c623a313b),
('3t0p8tdqebcok98j7o9pehnojqg2sig0', '::1', 1575166117, 0x5f5f63695f6c6173745f726567656e65726174657c693a313537353136363131373b757365726e616d657c733a353a22686169647a223b747970657c733a383a22637573746f6d6572223b6c6f676765645f696e7c623a313b637573746f6d657269647c733a323a223131223b637573746f6d65726e616d657c733a31333a224861696469722048617373616e223b),
('3urramodond2e50l65vnti275utv4pvi', '::1', 1575168506, 0x5f5f63695f6c6173745f726567656e65726174657c693a313537353136383530363b757365726e616d657c733a353a22686169647a223b747970657c733a383a22637573746f6d6572223b6c6f676765645f696e7c623a313b637573746f6d657269647c733a323a223131223b637573746f6d65726e616d657c733a31333a224861696469722048617373616e223b),
('43hqb7fbbdnepggmhaogf4ruegq674vp', '::1', 1575165021, 0x5f5f63695f6c6173745f726567656e65726174657c693a313537353136353032313b757365726e616d657c733a353a2261646d696e223b747970657c733a353a2261646d696e223b6c6f676765645f696e7c623a313b),
('46dj5cuanfj1urp47141iqpfd1d5r2l6', '::1', 1575071298, 0x5f5f63695f6c6173745f726567656e65726174657c693a313537353037313239383b757365726e616d657c733a353a22686169647a223b747970657c733a383a22637573746f6d6572223b6c6f676765645f696e7c623a313b637573746f6d657269647c733a323a223131223b66726f6d7c733a31303a22323032302d30322d3133223b5f5f63695f766172737c613a323a7b733a343a2266726f6d223b693a313537353037343637353b733a323a22746f223b693a313537353037343637353b7d746f7c733a31303a22323032302d30322d3134223b),
('4dd291ga6ra1035iit8a0bur21tim8gv', '::1', 1575141718, 0x5f5f63695f6c6173745f726567656e65726174657c693a313537353134313731383b757365726e616d657c733a343a2274657374223b747970657c733a383a22637573746f6d6572223b6c6f676765645f696e7c623a313b637573746f6d657269647c733a323a223134223b637573746f6d65726e616d657c733a31303a2254657374205465736574223b66726f6d7c733a31303a22323031392d31322d3034223b5f5f63695f766172737c613a323a7b733a343a2266726f6d223b693a313537353134383737333b733a323a22746f223b693a313537353134383737333b7d746f7c733a31303a22323031392d31322d3037223b),
('4jrd9h5brhhogbe4b8uiej5rjiusej76', '::1', 1575060641, 0x5f5f63695f6c6173745f726567656e65726174657c693a313537353036303634313b66726f6d7c733a31303a22323031392d31312d3330223b5f5f63695f766172737c613a323a7b733a343a2266726f6d223b693a313537353036373738313b733a323a22746f223b693a313537353036373738313b7d746f7c733a31303a22323031392d31322d3032223b),
('4rpslrtetgjl9misf4ka269leu5j7i65', '::1', 1575131361, 0x5f5f63695f6c6173745f726567656e65726174657c693a313537353133313336313b757365726e616d657c733a353a22686169647a223b747970657c733a383a22637573746f6d6572223b6c6f676765645f696e7c623a313b637573746f6d657269647c733a323a223131223b637573746f6d65726e616d657c733a31333a224861696469722048617373616e223b),
('4smoemlj3knmc4vc0oq2vuqksmm0uvda', '::1', 1575074072, 0x5f5f63695f6c6173745f726567656e65726174657c693a313537353037343037323b757365726e616d657c733a353a22686169647a223b747970657c733a383a22637573746f6d6572223b6c6f676765645f696e7c623a313b637573746f6d657269647c733a323a223131223b637573746f6d65726e616d657c733a31333a224861696469722048617373616e223b),
('52rpbnmpgf050mvtlavt3qdf6ghdtsau', '::1', 1574913251, 0x5f5f63695f6c6173745f726567656e65726174657c693a313537343931333235313b757365726e616d657c733a353a2261646d696e223b747970657c733a353a2261646d696e223b6c6f676765645f696e7c623a313b),
('55n60t20jbq75o5gg8efdti7342qf75i', '::1', 1575061055, 0x5f5f63695f6c6173745f726567656e65726174657c693a313537353036313035353b66726f6d7c733a31303a22323031392d31312d3330223b5f5f63695f766172737c613a323a7b733a343a2266726f6d223b693a313537353036373738313b733a323a22746f223b693a313537353036373738313b7d746f7c733a31303a22323031392d31322d3032223b),
('5aclrdm9iv8r1qoh0q53dmo6kc7hh3o2', '::1', 1575135375, 0x5f5f63695f6c6173745f726567656e65726174657c693a313537353133353337333b757365726e616d657c733a353a22686169647a223b747970657c733a383a22637573746f6d6572223b6c6f676765645f696e7c623a313b637573746f6d657269647c733a323a223131223b637573746f6d65726e616d657c733a31333a224861696469722048617373616e223b),
('5sd67r2pnr17kfeqjnj15efv5ljtoavc', '::1', 1575065113, 0x5f5f63695f6c6173745f726567656e65726174657c693a313537353036353131333b757365726e616d657c733a353a22686169647a223b747970657c733a383a22637573746f6d6572223b6c6f676765645f696e7c623a313b637573746f6d657269647c733a323a223131223b66726f6d7c733a31303a22323031392d31312d3330223b5f5f63695f766172737c613a323a7b733a343a2266726f6d223b693a313537353037313435383b733a323a22746f223b693a313537353037313435383b7d746f7c733a31303a22323031392d31322d3032223b),
('5vfb9j1bmrtl42f9j2og177je0fkr6ui', '::1', 1574913863, 0x5f5f63695f6c6173745f726567656e65726174657c693a313537343931333836333b757365726e616d657c733a353a2261646d696e223b747970657c733a353a2261646d696e223b6c6f676765645f696e7c623a313b),
('622843g55dvqsla79ochscc6g6n35ggf', '::1', 1575126877, 0x5f5f63695f6c6173745f726567656e65726174657c693a313537353132363837373b757365726e616d657c733a353a22686169647a223b747970657c733a383a22637573746f6d6572223b6c6f676765645f696e7c623a313b637573746f6d657269647c733a323a223131223b637573746f6d65726e616d657c733a31333a224861696469722048617373616e223b),
('659q8b4rgr1tplrgvq9kcf8ll3ev9um9', '::1', 1575063640, 0x5f5f63695f6c6173745f726567656e65726174657c693a313537353036333634303b757365726e616d657c733a353a22686169647a223b747970657c733a383a22637573746f6d6572223b6c6f676765645f696e7c623a313b637573746f6d657269647c733a323a223131223b66726f6d7c733a31303a22323031392d31312d3330223b5f5f63695f766172737c613a323a7b733a343a2266726f6d223b693a313537353036393738353b733a323a22746f223b693a313537353036393738353b7d746f7c733a31303a22323031392d31322d3032223b),
('665cc4vsd68831k8gp92a9uqu601b62n', '::1', 1575128337, 0x5f5f63695f6c6173745f726567656e65726174657c693a313537353132383333373b757365726e616d657c733a353a22686169647a223b747970657c733a383a22637573746f6d6572223b6c6f676765645f696e7c623a313b637573746f6d657269647c733a323a223131223b637573746f6d65726e616d657c733a31333a224861696469722048617373616e223b),
('6il57unue3d51jsm6r30j26h7ubne2qn', '::1', 1574919545, 0x5f5f63695f6c6173745f726567656e65726174657c693a313537343931393534353b757365726e616d657c733a353a2261646d696e223b747970657c733a353a2261646d696e223b6c6f676765645f696e7c623a313b),
('7eo9p6beoeaidru2dijrk746umkgrcm3', '::1', 1575138094, 0x5f5f63695f6c6173745f726567656e65726174657c693a313537353133383039343b757365726e616d657c733a353a2261646d696e223b747970657c733a353a2261646d696e223b6c6f676765645f696e7c623a313b),
('7vb23nu4t9jhghdcb5i57e8fjdh53u4e', '::1', 1575139933, 0x5f5f63695f6c6173745f726567656e65726174657c693a313537353133393933333b757365726e616d657c733a353a2261646d696e223b747970657c733a353a2261646d696e223b6c6f676765645f696e7c623a313b),
('891f4gjl0bi2f1h1ar2rjrqr0487pbge', '::1', 1575071616, 0x5f5f63695f6c6173745f726567656e65726174657c693a313537353037313631363b757365726e616d657c733a353a22686169647a223b747970657c733a383a22637573746f6d6572223b6c6f676765645f696e7c623a313b637573746f6d657269647c733a323a223131223b66726f6d7c733a31303a22323032302d30322d3133223b5f5f63695f766172737c613a323a7b733a343a2266726f6d223b693a313537353037343637353b733a323a22746f223b693a313537353037343637353b7d746f7c733a31303a22323032302d30322d3134223b),
('8nkuvb93epkf1aup45tinrvsekbcuv4s', '::1', 1575151956, 0x5f5f63695f6c6173745f726567656e65726174657c693a313537353135313935363b726573657276655f6d6573736167657c733a32313a225265736572766174696f6e20636f6e6669726d6564223b5f5f63695f766172737c613a313a7b733a31353a22726573657276655f6d657373616765223b733a333a226f6c64223b7d),
('8ocsmsl6bq6hvteg4ss5ulddj81b3tu7', '::1', 1575142176, 0x5f5f63695f6c6173745f726567656e65726174657c693a313537353134323035313b757365726e616d657c733a353a2261646d696e223b747970657c733a353a2261646d696e223b6c6f676765645f696e7c623a313b),
('935qo51ktlm93k38ha9nkga38vu26uh5', '::1', 1575127195, 0x5f5f63695f6c6173745f726567656e65726174657c693a313537353132373139353b757365726e616d657c733a353a22686169647a223b747970657c733a383a22637573746f6d6572223b6c6f676765645f696e7c623a313b637573746f6d657269647c733a323a223131223b637573746f6d65726e616d657c733a31333a224861696469722048617373616e223b),
('9dro8tpug3a05rth5t88m4svs7ih5sqa', '::1', 1575067452, 0x5f5f63695f6c6173745f726567656e65726174657c693a313537353036373435323b757365726e616d657c733a353a22686169647a223b747970657c733a383a22637573746f6d6572223b6c6f676765645f696e7c623a313b637573746f6d657269647c733a323a223131223b66726f6d7c733a31303a22323031392d31312d3330223b5f5f63695f766172737c613a323a7b733a343a2266726f6d223b693a313537353037313435383b733a323a22746f223b693a313537353037313435383b7d746f7c733a31303a22323031392d31322d3032223b),
('a9jsb0e15l2u3sc45ohspvfhilo4qa79', '::1', 1575063094, 0x5f5f63695f6c6173745f726567656e65726174657c693a313537353036333039343b757365726e616d657c733a353a22686169647a223b747970657c733a383a22637573746f6d6572223b6c6f676765645f696e7c623a313b637573746f6d657269647c733a323a223131223b66726f6d7c733a31303a22323031392d31312d3330223b5f5f63695f766172737c613a323a7b733a343a2266726f6d223b693a313537353036393738353b733a323a22746f223b693a313537353036393738353b7d746f7c733a31303a22323031392d31322d3032223b),
('ag69n2qs525i8kkjsd0hoin222p4ll2c', '::1', 1575133889, 0x5f5f63695f6c6173745f726567656e65726174657c693a313537353133333838393b757365726e616d657c733a353a2261646d696e223b747970657c733a353a2261646d696e223b6c6f676765645f696e7c623a313b),
('am4qnicefbvea1li2aa40ok6lrltqlei', '::1', 1574920755, 0x5f5f63695f6c6173745f726567656e65726174657c693a313537343932303735353b757365726e616d657c733a353a2261646d696e223b747970657c733a353a2261646d696e223b6c6f676765645f696e7c623a313b),
('ao4h1gsp3spc6kpcrse82mapibi6c3jg', '::1', 1575061356, 0x5f5f63695f6c6173745f726567656e65726174657c693a313537353036313335363b66726f6d7c733a31303a22323031392d31312d3330223b5f5f63695f766172737c613a323a7b733a343a2266726f6d223b693a313537353036383235353b733a323a22746f223b693a313537353036383235353b7d746f7c733a31303a22323031392d31322d3032223b),
('aorcogr60g9bu44pl4ooqisc5m5m397c', '::1', 1575163840, 0x5f5f63695f6c6173745f726567656e65726174657c693a313537353136333834303b757365726e616d657c733a353a2261646d696e223b747970657c733a353a2261646d696e223b6c6f676765645f696e7c623a313b),
('b7n9vknd89avacs9g7t4v9l17didgmd7', '::1', 1574923491, 0x5f5f63695f6c6173745f726567656e65726174657c693a313537343932333439313b757365726e616d657c733a353a2261646d696e223b747970657c733a353a2261646d696e223b6c6f676765645f696e7c623a313b66726f6d7c733a31303a22323031392d31312d3239223b5f5f63695f766172737c613a323a7b733a343a2266726f6d223b693a313537343932383334313b733a323a22746f223b693a313537343932383334313b7d746f7c733a31303a22323031392d31312d3330223b),
('ba9lcr1kbmh97fsjb5f8uh0jeshc0hug', '::1', 1575133041, 0x5f5f63695f6c6173745f726567656e65726174657c693a313537353133333034313b757365726e616d657c733a353a22686169647a223b747970657c733a383a22637573746f6d6572223b6c6f676765645f696e7c623a313b637573746f6d657269647c733a323a223131223b637573746f6d65726e616d657c733a31333a224861696469722048617373616e223b),
('bhilapd694tnm95ppqrap8qshp3p22d7', '::1', 1575134311, 0x5f5f63695f6c6173745f726567656e65726174657c693a313537353133343331313b757365726e616d657c733a353a2261646d696e223b747970657c733a353a2261646d696e223b6c6f676765645f696e7c623a313b),
('bmcq39clb1otfs0221cvmkim3aq3m1gd', '::1', 1575140752, 0x5f5f63695f6c6173745f726567656e65726174657c693a313537353134303735323b757365726e616d657c733a353a2261646d696e223b747970657c733a353a2261646d696e223b6c6f676765645f696e7c623a313b),
('c11m7kfj2aeq3kq566e80cvjtnou1g1k', '::1', 1575165334, 0x5f5f63695f6c6173745f726567656e65726174657c693a313537353136353333343b757365726e616d657c733a353a2261646d696e223b747970657c733a353a2261646d696e223b6c6f676765645f696e7c623a313b),
('cha9k0sh16d2k4lirbi0uf15d9p8ltih', '::1', 1575045489, 0x5f5f63695f6c6173745f726567656e65726174657c693a313537353034353438393b757365726e616d657c733a353a2261646d696e223b747970657c733a353a2261646d696e223b6c6f676765645f696e7c623a313b),
('cla25me4gvo8eq9sa60a14h852hrvpcm', '::1', 1575069229, 0x5f5f63695f6c6173745f726567656e65726174657c693a313537353036393232393b757365726e616d657c733a353a22686169647a223b747970657c733a383a22637573746f6d6572223b6c6f676765645f696e7c623a313b637573746f6d657269647c733a323a223131223b66726f6d7c733a31303a22323032302d30322d3133223b5f5f63695f766172737c613a323a7b733a343a2266726f6d223b693a313537353037343637353b733a323a22746f223b693a313537353037343637353b7d746f7c733a31303a22323032302d30322d3134223b),
('cmnn4jis84dt2i07n5bn0cqqhe8uf6nr', '::1', 1574918144, 0x5f5f63695f6c6173745f726567656e65726174657c693a313537343931383134343b757365726e616d657c733a353a2261646d696e223b747970657c733a353a2261646d696e223b6c6f676765645f696e7c623a313b),
('cn5532db628r5ou1nsbv5spguvgo9jlo', '::1', 1575137739, 0x5f5f63695f6c6173745f726567656e65726174657c693a313537353133373733393b757365726e616d657c733a353a22686169647a223b747970657c733a383a22637573746f6d6572223b6c6f676765645f696e7c623a313b637573746f6d657269647c733a323a223131223b637573746f6d65726e616d657c733a31333a224861696469722048617373616e223b),
('cr8221f9a8hnjtn5jomq0ptkg5ag9u4k', '::1', 1575127525, 0x5f5f63695f6c6173745f726567656e65726174657c693a313537353132373532353b757365726e616d657c733a353a22686169647a223b747970657c733a383a22637573746f6d6572223b6c6f676765645f696e7c623a313b637573746f6d657269647c733a323a223131223b637573746f6d65726e616d657c733a31333a224861696469722048617373616e223b),
('d8vuu09p6nmfl0rd5u2ovah67gk99v5h', '::1', 1574923053, 0x5f5f63695f6c6173745f726567656e65726174657c693a313537343932333035333b757365726e616d657c733a353a2261646d696e223b747970657c733a353a2261646d696e223b6c6f676765645f696e7c623a313b66726f6d7c733a31303a22323031392d31312d3239223b5f5f63695f766172737c613a323a7b733a343a2266726f6d223b693a313537343932383334313b733a323a22746f223b693a313537343932383334313b7d746f7c733a31303a22323031392d31312d3330223b),
('dapq3t8s4vtdh7ttqkajplhaqhe1v2on', '::1', 1575162991, 0x5f5f63695f6c6173745f726567656e65726174657c693a313537353136323939313b757365726e616d657c733a353a2261646d696e223b747970657c733a353a2261646d696e223b6c6f676765645f696e7c623a313b),
('demefk74cebk1efgri0dbt3bgpt7mthd', '::1', 1575151605, 0x5f5f63695f6c6173745f726567656e65726174657c693a313537353135313630353b),
('dg8n5kq2kvvq4u20qrto8qdabesnhrrg', '::1', 1575162338, 0x5f5f63695f6c6173745f726567656e65726174657c693a313537353136323333383b757365726e616d657c733a353a2261646d696e223b747970657c733a353a2261646d696e223b6c6f676765645f696e7c623a313b),
('djgj8m2hjhsjs90ukjoaqaspt5clq1au', '::1', 1575064530, 0x5f5f63695f6c6173745f726567656e65726174657c693a313537353036343533303b757365726e616d657c733a353a22686169647a223b747970657c733a383a22637573746f6d6572223b6c6f676765645f696e7c623a313b637573746f6d657269647c733a323a223131223b66726f6d7c733a31303a22323031392d31312d3330223b5f5f63695f766172737c613a323a7b733a343a2266726f6d223b693a313537353037313435383b733a323a22746f223b693a313537353037313435383b7d746f7c733a31303a22323031392d31322d3032223b),
('dr4qfmmdnmm2jtijg86tj2j30g6je86t', '::1', 1574919924, 0x5f5f63695f6c6173745f726567656e65726174657c693a313537343931393932343b757365726e616d657c733a353a2261646d696e223b747970657c733a353a2261646d696e223b6c6f676765645f696e7c623a313b),
('e0i0a7330ovnqeg3ut6tiv8brqc2jkiu', '::1', 1575129337, 0x5f5f63695f6c6173745f726567656e65726174657c693a313537353132393333373b757365726e616d657c733a353a22686169647a223b747970657c733a383a22637573746f6d6572223b6c6f676765645f696e7c623a313b637573746f6d657269647c733a323a223131223b637573746f6d65726e616d657c733a31333a224861696469722048617373616e223b),
('ea7kqfeadafjn7jko9cit0hvr8g14ivd', '::1', 1575152525, 0x5f5f63695f6c6173745f726567656e65726174657c693a313537353135323530363b726573657276655f6d6573736167657c733a32303a225265736572766174696f6e206465636c696e6564223b5f5f63695f766172737c613a313a7b733a31353a22726573657276655f6d657373616765223b733a333a226f6c64223b7d),
('eikhebujk91101e9gd5m1icea8ao6683', '::1', 1575163310, 0x5f5f63695f6c6173745f726567656e65726174657c693a313537353136333331303b757365726e616d657c733a353a2261646d696e223b747970657c733a353a2261646d696e223b6c6f676765645f696e7c623a313b),
('eiqgprg1immgg9k3ltfq7nfil7bfs3bh', '::1', 1575045492, 0x5f5f63695f6c6173745f726567656e65726174657c693a313537353034353438393b757365726e616d657c733a353a2261646d696e223b747970657c733a353a2261646d696e223b6c6f676765645f696e7c623a313b),
('f1b5qkkfkoqqjeo4fvvsp27795rnmhri', '::1', 1575141075, 0x5f5f63695f6c6173745f726567656e65726174657c693a313537353134313037353b757365726e616d657c733a353a2261646d696e223b747970657c733a353a2261646d696e223b6c6f676765645f696e7c623a313b),
('f3jln1gkpfrn4hvrhi3h7o4o353br1me', '::1', 1575170573, 0x5f5f63695f6c6173745f726567656e65726174657c693a313537353137303537333b757365726e616d657c733a353a22686169647a223b747970657c733a383a22637573746f6d6572223b6c6f676765645f696e7c623a313b637573746f6d657269647c733a323a223131223b637573746f6d65726e616d657c733a31333a224861696469722048617373616e223b),
('flmhpivnjb39mmde085302d728rcl6hg', '::1', 1575129034, 0x5f5f63695f6c6173745f726567656e65726174657c693a313537353132393033343b757365726e616d657c733a353a22686169647a223b747970657c733a383a22637573746f6d6572223b6c6f676765645f696e7c623a313b637573746f6d657269647c733a323a223131223b637573746f6d65726e616d657c733a31333a224861696469722048617373616e223b),
('gggnd9denjkf0a39n1mavk35i890b6vg', '::1', 1574914886, 0x5f5f63695f6c6173745f726567656e65726174657c693a313537343931343838363b757365726e616d657c733a353a2261646d696e223b747970657c733a353a2261646d696e223b6c6f676765645f696e7c623a313b),
('gkdijtvbflqf3gb4tjpi2vot9p9vtagp', '::1', 1575136684, 0x5f5f63695f6c6173745f726567656e65726174657c693a313537353133363638343b757365726e616d657c733a353a22686169647a223b747970657c733a383a22637573746f6d6572223b6c6f676765645f696e7c623a313b637573746f6d657269647c733a323a223131223b637573746f6d65726e616d657c733a31333a224861696469722048617373616e223b),
('h7vjda9e4b913m873h31t1a5oqlkqg8n', '::1', 1575167556, 0x5f5f63695f6c6173745f726567656e65726174657c693a313537353136373535363b),
('i0q16lkqsahdme1lgnu1fnta5cgqo4us', '::1', 1575128035, 0x5f5f63695f6c6173745f726567656e65726174657c693a313537353132383033353b757365726e616d657c733a353a22686169647a223b747970657c733a383a22637573746f6d6572223b6c6f676765645f696e7c623a313b637573746f6d657269647c733a323a223131223b637573746f6d65726e616d657c733a31333a224861696469722048617373616e223b),
('idcujuqcalcaj2rbstva5kahoecmlloj', '::1', 1574915211, 0x5f5f63695f6c6173745f726567656e65726174657c693a313537343931353231313b757365726e616d657c733a353a2261646d696e223b747970657c733a353a2261646d696e223b6c6f676765645f696e7c623a313b),
('ihsr717vupsvgs342c5uj1c73llfc4oq', '::1', 1575120971, 0x5f5f63695f6c6173745f726567656e65726174657c693a313537353132303937313b757365726e616d657c733a353a22686169647a223b747970657c733a383a22637573746f6d6572223b6c6f676765645f696e7c623a313b637573746f6d657269647c733a323a223131223b637573746f6d65726e616d657c733a31333a224861696469722048617373616e223b),
('j8od3h9u9l4h6to9f2csvkj9ko5284ub', '::1', 1575141383, 0x5f5f63695f6c6173745f726567656e65726174657c693a313537353134313338333b757365726e616d657c733a353a2261646d696e223b747970657c733a353a2261646d696e223b6c6f676765645f696e7c623a313b),
('jehhfhus7o8f5bmmp2ga7310287q5mi2', '::1', 1575126348, 0x5f5f63695f6c6173745f726567656e65726174657c693a313537353132363334383b757365726e616d657c733a353a22686169647a223b747970657c733a383a22637573746f6d6572223b6c6f676765645f696e7c623a313b637573746f6d657269647c733a323a223131223b637573746f6d65726e616d657c733a31333a224861696469722048617373616e223b),
('jm6ef62qrj831lqcii2looa45bqgnijn', '::1', 1574921073, 0x5f5f63695f6c6173745f726567656e65726174657c693a313537343932313037333b757365726e616d657c733a353a2261646d696e223b747970657c733a353a2261646d696e223b6c6f676765645f696e7c623a313b),
('jmt73tababtvrj40hb719dp2gnhbj7j5', '::1', 1575138471, 0x5f5f63695f6c6173745f726567656e65726174657c693a313537353133383437313b757365726e616d657c733a353a2261646d696e223b747970657c733a353a2261646d696e223b6c6f676765645f696e7c623a313b),
('juq5kgtcr8m9tdopih2uk39s67ee0499', '::1', 1574936729, 0x5f5f63695f6c6173745f726567656e65726174657c693a313537343933363732393b),
('k0emn7ruahdfu25dg8bo6gqltjbujivl', '::1', 1575166465, 0x5f5f63695f6c6173745f726567656e65726174657c693a313537353136363436353b757365726e616d657c733a353a22686169647a223b747970657c733a383a22637573746f6d6572223b6c6f676765645f696e7c623a313b637573746f6d657269647c733a323a223131223b637573746f6d65726e616d657c733a31333a224861696469722048617373616e223b),
('k99lhnnek3ueqn9u4eocgaqo5sn1h679', '::1', 1575165761, 0x5f5f63695f6c6173745f726567656e65726174657c693a313537353136353736313b757365726e616d657c733a353a22686169647a223b747970657c733a383a22637573746f6d6572223b6c6f676765645f696e7c623a313b637573746f6d657269647c733a323a223131223b637573746f6d65726e616d657c733a31333a224861696469722048617373616e223b),
('kdj5fesvlktupte1rqrc8k6jpl0on9gm', '::1', 1575073061, 0x5f5f63695f6c6173745f726567656e65726174657c693a313537353037333036313b757365726e616d657c733a353a22686169647a223b747970657c733a383a22637573746f6d6572223b6c6f676765645f696e7c623a313b637573746f6d657269647c733a323a223131223b637573746f6d65726e616d657c733a31333a224861696469722048617373616e223b),
('kopra7jmnk80e8a15rhc7sqfo20839tn', '::1', 1575135951, 0x5f5f63695f6c6173745f726567656e65726174657c693a313537353133353935313b757365726e616d657c733a353a22686169647a223b747970657c733a383a22637573746f6d6572223b6c6f676765645f696e7c623a313b637573746f6d657269647c733a323a223131223b637573746f6d65726e616d657c733a31333a224861696469722048617373616e223b),
('ktt9cu8ki6jla7b6v2fc0eum4fhnmmgf', '::1', 1574914174, 0x5f5f63695f6c6173745f726567656e65726174657c693a313537343931343137343b757365726e616d657c733a353a2261646d696e223b747970657c733a353a2261646d696e223b6c6f676765645f696e7c623a313b6361725f69647c693a34303b5f5f63695f766172737c613a313a7b733a363a226361725f6964223b733a333a226e6577223b7d),
('lc9to30591veuqo5umt9r96n6sm4ldro', '::1', 1574923869, 0x5f5f63695f6c6173745f726567656e65726174657c693a313537343932333836393b757365726e616d657c733a353a2261646d696e223b747970657c733a353a2261646d696e223b6c6f676765645f696e7c623a313b66726f6d7c733a31303a22323031392d31312d3239223b5f5f63695f766172737c613a323a7b733a343a2266726f6d223b693a313537343933303639313b733a323a22746f223b693a313537343933303639313b7d746f7c733a31303a22323031392d31312d3330223b),
('m67l4k3tu9ntdp9f1co6hfneo9m05ila', '::1', 1575166781, 0x5f5f63695f6c6173745f726567656e65726174657c693a313537353136363738313b757365726e616d657c733a353a22686169647a223b747970657c733a383a22637573746f6d6572223b6c6f676765645f696e7c623a313b637573746f6d657269647c733a323a223131223b637573746f6d65726e616d657c733a31333a224861696469722048617373616e223b),
('m8bi07ig8u519mm2l3cj256ut4qfdu3i', '::1', 1575151107, 0x5f5f63695f6c6173745f726567656e65726174657c693a313537353135313130373b),
('mk2kr4nbveeloesk08sdmrmtedl17pho', '::1', 1575070280, 0x5f5f63695f6c6173745f726567656e65726174657c693a313537353037303238303b757365726e616d657c733a353a22686169647a223b747970657c733a383a22637573746f6d6572223b6c6f676765645f696e7c623a313b637573746f6d657269647c733a323a223131223b66726f6d7c733a31303a22323032302d30322d3133223b5f5f63695f766172737c613a323a7b733a343a2266726f6d223b693a313537353037343637353b733a323a22746f223b693a313537353037343637353b7d746f7c733a31303a22323032302d30322d3134223b),
('mnq1vr09oh58293fndqrn5gdttabepc5', '::1', 1575072281, 0x5f5f63695f6c6173745f726567656e65726174657c693a313537353037323238313b757365726e616d657c733a353a22686169647a223b747970657c733a383a22637573746f6d6572223b6c6f676765645f696e7c623a313b637573746f6d657269647c733a323a223131223b66726f6d7c733a31303a22323032302d30322d3133223b5f5f63695f766172737c613a323a7b733a343a2266726f6d223b693a313537353037343637353b733a323a22746f223b693a313537353037343637353b7d746f7c733a31303a22323032302d30322d3134223b),
('mt81n1rg7of2o8hguvmhmnla40nehkf5', '::1', 1575062483, 0x5f5f63695f6c6173745f726567656e65726174657c693a313537353036323438333b757365726e616d657c733a353a22686169647a223b747970657c733a383a22637573746f6d6572223b6c6f676765645f696e7c623a313b637573746f6d657269647c733a323a223131223b),
('n4ahhb5ntjg0g8llsd3ioetb4mk6qvk8', '::1', 1575170890, 0x5f5f63695f6c6173745f726567656e65726174657c693a313537353137303833373b757365726e616d657c733a353a22686169647a223b747970657c733a383a22637573746f6d6572223b6c6f676765645f696e7c623a313b637573746f6d657269647c733a323a223131223b637573746f6d65726e616d657c733a31333a224861696469722048617373616e223b),
('n4s24a9ngrtahvvcqo3cbp43k6kfnljc', '::1', 1575167214, 0x5f5f63695f6c6173745f726567656e65726174657c693a313537353136373231343b),
('ndusqaotuut2v5mii27k8t5i1608edkq', '::1', 1575162653, 0x5f5f63695f6c6173745f726567656e65726174657c693a313537353136323635333b757365726e616d657c733a353a2261646d696e223b747970657c733a353a2261646d696e223b6c6f676765645f696e7c623a313b),
('ni038d9htq8e699dff3mrcv6qm9lnb4p', '::1', 1575074157, 0x5f5f63695f6c6173745f726567656e65726174657c693a313537353037343037323b757365726e616d657c733a353a22686169647a223b747970657c733a383a22637573746f6d6572223b6c6f676765645f696e7c623a313b637573746f6d657269647c733a323a223131223b637573746f6d65726e616d657c733a31333a224861696469722048617373616e223b),
('oknflpf4qamv3ria6qp460ci0soq1a23', '::1', 1575138776, 0x5f5f63695f6c6173745f726567656e65726174657c693a313537353133383737363b757365726e616d657c733a353a2261646d696e223b747970657c733a353a2261646d696e223b6c6f676765645f696e7c623a313b),
('p7ujq9b4gcgphu6b0l4j318pnpp7k2of', '::1', 1575133588, 0x5f5f63695f6c6173745f726567656e65726174657c693a313537353133333538383b757365726e616d657c733a353a2261646d696e223b747970657c733a353a2261646d696e223b6c6f676765645f696e7c623a313b),
('prpjnppjrk6gk5np23kpem81cinnb76u', '::1', 1575120409, 0x5f5f63695f6c6173745f726567656e65726174657c693a313537353132303430393b),
('pu5kneplhe3vaklha81op88is5h3rmgu', '::1', 1574913558, 0x5f5f63695f6c6173745f726567656e65726174657c693a313537343931333535383b757365726e616d657c733a353a2261646d696e223b747970657c733a353a2261646d696e223b6c6f676765645f696e7c623a313b),
('q70g8i0h36n96voadu1o559p3qmdbkc0', '::1', 1574927100, 0x5f5f63695f6c6173745f726567656e65726174657c693a313537343932373130303b),
('qfrqudae6737q8nb1c1tkbrfdj6ts340', '::1', 1575136346, 0x5f5f63695f6c6173745f726567656e65726174657c693a313537353133363334363b757365726e616d657c733a353a22686169647a223b747970657c733a383a22637573746f6d6572223b6c6f676765645f696e7c623a313b637573746f6d657269647c733a323a223131223b637573746f6d65726e616d657c733a31333a224861696469722048617373616e223b),
('qi9j2e9mfo1bv8r09vndigrt8tm9qti4', '::1', 1575064159, 0x5f5f63695f6c6173745f726567656e65726174657c693a313537353036343135393b757365726e616d657c733a353a22686169647a223b747970657c733a383a22637573746f6d6572223b6c6f676765645f696e7c623a313b637573746f6d657269647c733a323a223131223b66726f6d7c733a31303a22323031392d31312d3330223b5f5f63695f766172737c613a323a7b733a343a2266726f6d223b693a313537353036393738353b733a323a22746f223b693a313537353036393738353b7d746f7c733a31303a22323031392d31322d3032223b),
('qriniv6t43qac90j1dp4ffqvdgck6jks', '::1', 1575038920, 0x5f5f63695f6c6173745f726567656e65726174657c693a313537353033383932303b),
('r2hrre5vap84u9jcl7rignvs7ocffn1l', '::1', 1575130978, 0x5f5f63695f6c6173745f726567656e65726174657c693a313537353133303937383b757365726e616d657c733a353a22686169647a223b747970657c733a383a22637573746f6d6572223b6c6f676765645f696e7c623a313b637573746f6d657269647c733a323a223131223b637573746f6d65726e616d657c733a31333a224861696469722048617373616e223b),
('rv9hq6ponrt71mdm675ihfcuj2it9fp1', '::1', 1574927101, 0x5f5f63695f6c6173745f726567656e65726174657c693a313537343932373130303b),
('s9kkejnnr543h6dogiobs1gcoi29fol7', '::1', 1574921718, 0x5f5f63695f6c6173745f726567656e65726174657c693a313537343932313731383b757365726e616d657c733a353a2261646d696e223b747970657c733a353a2261646d696e223b6c6f676765645f696e7c623a313b66726f6d7c733a31303a22323031392d31312d3239223b5f5f63695f766172737c613a323a7b733a343a2266726f6d223b693a313537343932383334313b733a323a22746f223b693a313537343932383334313b7d746f7c733a31303a22323031392d31312d3330223b),
('sia7irlm97i799qiefi8ca33vng1fv55', '::1', 1574920290, 0x5f5f63695f6c6173745f726567656e65726174657c693a313537343932303239303b757365726e616d657c733a353a2261646d696e223b747970657c733a353a2261646d696e223b6c6f676765645f696e7c623a313b66726f6d7c733a31303a22323031392d31312d3239223b5f5f63695f766172737c613a323a7b733a343a2266726f6d223b733a333a226f6c64223b733a323a22746f223b733a333a226f6c64223b7d746f7c733a31303a22323031392d31312d3330223b),
('tl3pjmob4pasd4hhmlni9qlvng65a8a7', '::1', 1575164142, 0x5f5f63695f6c6173745f726567656e65726174657c693a313537353136343134323b757365726e616d657c733a353a2261646d696e223b747970657c733a353a2261646d696e223b6c6f676765645f696e7c623a313b),
('tvva5qurvgke9scm81kt3r80vcjpcg7q', '::1', 1575129934, 0x5f5f63695f6c6173745f726567656e65726174657c693a313537353132393933343b757365726e616d657c733a353a22686169647a223b747970657c733a383a22637573746f6d6572223b6c6f676765645f696e7c623a313b637573746f6d657269647c733a323a223131223b637573746f6d65726e616d657c733a31333a224861696469722048617373616e223b),
('uqgjqame6vghjqrnb6h9dtdhqtqrr9en', '::1', 1575162018, 0x5f5f63695f6c6173745f726567656e65726174657c693a313537353136323031383b757365726e616d657c733a353a2261646d696e223b747970657c733a353a2261646d696e223b6c6f676765645f696e7c623a313b),
('usth27l7ci5q5spgjt79djjmt2r9s1v7', '::1', 1575121605, 0x5f5f63695f6c6173745f726567656e65726174657c693a313537353132313630353b757365726e616d657c733a353a22686169647a223b747970657c733a383a22637573746f6d6572223b6c6f676765645f696e7c623a313b637573746f6d657269647c733a323a223131223b637573746f6d65726e616d657c733a31333a224861696469722048617373616e223b),
('uu91iau51a64pa066of1li65pcjuaebu', '::1', 1574914581, 0x5f5f63695f6c6173745f726567656e65726174657c693a313537343931343538313b757365726e616d657c733a353a2261646d696e223b747970657c733a353a2261646d696e223b6c6f676765645f696e7c623a313b),
('v6kegs7ip08sia748rvat4h5l97d2okp', '::1', 1574918838, 0x5f5f63695f6c6173745f726567656e65726174657c693a313537343931383833383b757365726e616d657c733a353a2261646d696e223b747970657c733a353a2261646d696e223b6c6f676765645f696e7c623a313b),
('vdlb2nssj975llvkid8s3m8l2eftgjcn', '::1', 1575142051, 0x5f5f63695f6c6173745f726567656e65726174657c693a313537353134323035313b757365726e616d657c733a343a2274657374223b747970657c733a383a22637573746f6d6572223b6c6f676765645f696e7c623a313b637573746f6d657269647c733a323a223134223b637573746f6d65726e616d657c733a31303a2254657374205465736574223b66726f6d7c733a31303a22323031392d31322d3034223b5f5f63695f766172737c613a323a7b733a343a2266726f6d223b693a313537353134383737333b733a323a22746f223b693a313537353134383737333b7d746f7c733a31303a22323031392d31322d3037223b);

-- --------------------------------------------------------

--
-- Table structure for table `tbl_car_pic`
--

CREATE TABLE `tbl_car_pic` (
  `pic_id` int(11) NOT NULL,
  `car_id_fk` int(11) NOT NULL,
  `car_pic_name` varchar(255) NOT NULL
) ENGINE=InnoDB DEFAULT CHARSET=latin1;

--
-- Dumping data for table `tbl_car_pic`
--

INSERT INTO `tbl_car_pic` (`pic_id`, `car_id_fk`, `car_pic_name`) VALUES
(86, 33, 'front-car-img-331.jpg'),
(87, 33, 'back-car-img-332.jpg'),
(88, 33, 'interior-car-img-333.jpg'),
(140, 35, 'front-car-img-351.jpg'),
(141, 35, 'back-car-img-352.jpg'),
(142, 35, 'interior-car-img-353.jpg'),
(152, 36, 'front-car-img-361.jpg'),
(153, 36, 'back-car-img-362.jpg'),
(154, 36, 'interior-car-img-363.jpg'),
(155, 37, 'front-car-img-371.jpg'),
(156, 37, 'back-car-img-372.jpg'),
(157, 37, 'interior-car-img-373.jpg'),
(158, 38, 'front-car-img-381.jpg'),
(159, 38, 'back-car-img-382.jpg'),
(160, 38, 'interior-car-img-383.jpg'),
(161, 39, 'front-car-img-391.jpg'),
(162, 39, 'back-car-img-392.jpg'),
(163, 39, 'interior-car-img-393.jpg'),
(164, 40, 'front-car-img-401.jpg'),
(165, 40, 'back-car-img-402.jpg'),
(166, 40, 'interior-car-img-403.jpg'),
(167, 41, 'front-car-img-411.jpg'),
(168, 41, 'back-car-img-412.jpg'),
(169, 41, 'interior-car-img-413.jpg'),
(170, 42, 'front-car-img-421.jpg'),
(171, 42, 'back-car-img-422.jpg'),
(172, 42, 'interior-car-img-423.jpg');

-- --------------------------------------------------------

--
-- Table structure for table `tbl_car_profile`
--

CREATE TABLE `tbl_car_profile` (
  `car_id` int(11) NOT NULL,
  `car_owner` varchar(255) DEFAULT NULL,
  `car_model` varchar(255) DEFAULT NULL,
  `car_brand` varchar(255) DEFAULT NULL,
  `car_type` varchar(255) DEFAULT NULL,
  `car_seats` varchar(255) DEFAULT NULL,
  `car_color` varchar(255) DEFAULT NULL,
  `car_platenumber` varchar(255) DEFAULT NULL,
  `car_price` varchar(255) DEFAULT NULL,
  `car_fuel_capacity` varchar(255) DEFAULT NULL,
  `car_gas_type` varchar(255) DEFAULT NULL,
  `car_driver` varchar(255) DEFAULT NULL,
  `car_transmission` varchar(255) DEFAULT NULL,
  `car_insurance` varchar(255) DEFAULT NULL,
  `is_available` tinyint(4) NOT NULL DEFAULT 1,
  `created_at` timestamp NOT NULL DEFAULT current_timestamp(),
  `updated_at` timestamp NULL DEFAULT NULL ON UPDATE current_timestamp()
) ENGINE=InnoDB DEFAULT CHARSET=latin1;

--
-- Dumping data for table `tbl_car_profile`
--

INSERT INTO `tbl_car_profile` (`car_id`, `car_owner`, `car_model`, `car_brand`, `car_type`, `car_seats`, `car_color`, `car_platenumber`, `car_price`, `car_fuel_capacity`, `car_gas_type`, `car_driver`, `car_transmission`, `car_insurance`, `is_available`, `created_at`, `updated_at`) VALUES
(33, 'Dunno', 'Dunno', 'Dunno', 'Dunno', '6', 'Orange', 'MobilioRS', '1000', '10', 'Diesel', 'Without Driver', 'automatic', 'tpp', 1, '2019-11-28 01:20:34', NULL),
(35, 'Cambodia', 'Cambodia', 'Cambodia', 'Cambodia', '8', 'Black', 'Dodger1', '1500', '13', 'Unleaded', 'Without Driver', 'dual', 'tpft', 1, '2019-11-28 02:28:24', NULL),
(36, 'Cambodia', 'Cambodia', 'Cambodia', 'Cambodia', '4', 'Chrome White', 'Cambodia', '1000', '10', 'Unleaded', 'Without Driver', 'automatic', 'tpp', 1, '2019-11-28 03:24:37', NULL),
(37, 'Sleeper', 'Sleeper', 'Sleeper', 'Sleeper', '6', 'White', 'Sleeper21', '1350', '4', 'Diesel', 'Without Driver', 'automatic', 'tpft', 1, '2019-11-28 03:27:01', NULL),
(38, 'Panda', 'Panda', 'Panda', 'Panda', '6', 'Yellow Orange', 'Ford102', '3000', '20', 'Unleaded', 'Without Driver', 'dual', 'cci', 1, '2019-11-28 03:34:20', NULL),
(39, 'Final', 'Final', 'Final', 'Final', '8', 'Gray', 'Unknown', '500', '9', 'Unleaded', 'Without Driver', 'automatic', 'tpft', 1, '2019-11-28 03:35:21', NULL),
(40, 'Fortuner', 'Fortuner', 'Fortuner', 'Fortuner', '8', 'Maroon', 'Unregistered', '1500', '13', 'Unleaded', 'Without Driver', 'automatic', 'tpft', 1, '2019-11-28 04:09:19', NULL),
(41, 'Hilux', 'Hilux', 'Hilux', 'Hilux', '6', 'Red', 'HHHH090', '1200', '9', 'Unleaded', 'Without Driver', 'automatic', 'tpft', 1, '2019-11-28 05:07:42', NULL),
(42, 'Aiwan', 'Aiwan', 'Aiwan', 'Aiwan', '6', 'Red', 'Aiwan123', '900', '5', 'Unleaded', 'Without Driver', 'manual', 'ctp', 1, '2019-11-28 07:29:32', NULL);

-- --------------------------------------------------------

--
-- Table structure for table `tbl_car_rent`
--

CREATE TABLE `tbl_car_rent` (
  `car_rent_id` int(11) NOT NULL,
  `customer_id` int(11) DEFAULT NULL,
  `car_id` int(11) DEFAULT NULL,
  `reserve_id` int(11) DEFAULT NULL,
  `rent_date` varchar(255) DEFAULT NULL,
  `start_date` varchar(255) DEFAULT NULL,
  `end_date` varchar(255) DEFAULT NULL
) ENGINE=InnoDB DEFAULT CHARSET=latin1;

-- --------------------------------------------------------

--
-- Table structure for table `tbl_customer`
--

CREATE TABLE `tbl_customer` (
  `customer_id` int(11) NOT NULL,
  `Name` varchar(255) DEFAULT NULL,
  `current_address` varchar(255) DEFAULT NULL,
  `contact_no` varchar(255) DEFAULT NULL,
  `Birth_Date` varchar(255) DEFAULT NULL,
  `Gender` varchar(255) DEFAULT NULL,
  `license_no` varchar(255) DEFAULT NULL,
  `email` varchar(255) DEFAULT NULL
) ENGINE=InnoDB DEFAULT CHARSET=latin1;

--
-- Dumping data for table `tbl_customer`
--

INSERT INTO `tbl_customer` (`customer_id`, `Name`, `current_address`, `contact_no`, `Birth_Date`, `Gender`, `license_no`, `email`) VALUES
(11, 'Haidir Hassan', 'Sta Barbara', '1212121212', NULL, 'male', NULL, 'Haidir@gmail.com'),
(14, 'Test Teset', 'TestTest', '12311234123', NULL, NULL, NULL, 'test@gmail.com');

-- --------------------------------------------------------

--
-- Table structure for table `tbl_employee`
--

CREATE TABLE `tbl_employee` (
  `id` int(11) NOT NULL,
  `first_name` varchar(255) NOT NULL,
  `middle_name` varchar(255) NOT NULL,
  `last_name` varchar(255) NOT NULL,
  `contact` varchar(255) NOT NULL,
  `created_at` timestamp NOT NULL DEFAULT current_timestamp()
) ENGINE=InnoDB DEFAULT CHARSET=latin1;

--
-- Dumping data for table `tbl_employee`
--

INSERT INTO `tbl_employee` (`id`, `first_name`, `middle_name`, `last_name`, `contact`, `created_at`) VALUES
(32, 'asdasd', 'asdasd', 'asdasd', '12312321', '2019-11-11 02:56:19'),
(33, 'fgdsafdsaf', 'dasfsadsfdf', 'adfadsf', '213213123', '2019-11-11 02:56:24'),
(34, 'asdasd', 'asdasd', 'asdasdsa', '1231231231', '2019-11-11 03:06:08'),
(35, 'adsfasdfdf', 'dasfdsaf', 'sdafsdafadsf', '234324234', '2019-11-11 03:06:15'),
(36, 'hsdffgdsdfgfg', 'fdsfggdfsgdsfg', 'fsdfsgdsfdgfgfds', '435345345', '2019-11-11 03:06:21'),
(37, 'vcxbvxvcb', 'vxcbvxcbv', 'cvxxbcxvb', '546456456', '2019-11-11 03:06:30');

-- --------------------------------------------------------

--
-- Table structure for table `tbl_lease`
--

CREATE TABLE `tbl_lease` (
  `lease_id` int(11) NOT NULL,
  `customer_id` varchar(255) DEFAULT NULL,
  `date_of_ownersship` varchar(255) DEFAULT NULL
) ENGINE=InnoDB DEFAULT CHARSET=latin1;

-- --------------------------------------------------------

--
-- Table structure for table `tbl_reserve`
--

CREATE TABLE `tbl_reserve` (
  `reserve_id` int(11) NOT NULL,
  `customer_id_fk` int(11) DEFAULT NULL,
  `total_payment` varchar(255) NOT NULL,
  `start_date` date DEFAULT NULL,
  `end_date` date DEFAULT NULL,
  `reserve_status` varchar(255) DEFAULT 'unconfirmed',
  `created_at` timestamp NOT NULL DEFAULT current_timestamp()
) ENGINE=InnoDB DEFAULT CHARSET=latin1;

--
-- Dumping data for table `tbl_reserve`
--

INSERT INTO `tbl_reserve` (`reserve_id`, `customer_id_fk`, `total_payment`, `start_date`, `end_date`, `reserve_status`, `created_at`) VALUES
(52, 11, '4050', '2019-11-30', '2019-12-02', 'confirmed', '2019-11-30 17:58:28'),
(54, 14, '1500', '2019-12-04', '2019-12-07', 'declined', '2019-11-30 19:26:58');

-- --------------------------------------------------------

--
-- Table structure for table `tbl_reserve_details`
--

CREATE TABLE `tbl_reserve_details` (
  `reserve_id_fk` int(11) NOT NULL,
  `car_id_fk` int(11) NOT NULL,
  `payment` varchar(255) NOT NULL
) ENGINE=InnoDB DEFAULT CHARSET=latin1;

--
-- Dumping data for table `tbl_reserve_details`
--

INSERT INTO `tbl_reserve_details` (`reserve_id_fk`, `car_id_fk`, `payment`) VALUES
(52, 37, '1350'),
(52, 40, '1500'),
(52, 41, '1200'),
(54, 35, '1500');

-- --------------------------------------------------------

--
-- Table structure for table `tbl_storeroom`
--

CREATE TABLE `tbl_storeroom` (
  `storeroom_id` int(11) NOT NULL,
  `car_id_fk` int(11) NOT NULL,
  `customer_id_fk` int(11) NOT NULL,
  `start` date NOT NULL,
  `end` date NOT NULL,
  `created_at` timestamp NOT NULL DEFAULT current_timestamp()
) ENGINE=InnoDB DEFAULT CHARSET=latin1;

-- --------------------------------------------------------

--
-- Table structure for table `tbl_useraccount`
--

CREATE TABLE `tbl_useraccount` (
  `user_id` int(11) NOT NULL,
  `customer_id_fk` int(11) NOT NULL,
  `user_type` varchar(255) DEFAULT NULL,
  `username` varchar(255) DEFAULT NULL,
  `password` varchar(255) DEFAULT NULL
) ENGINE=InnoDB DEFAULT CHARSET=latin1;

--
-- Dumping data for table `tbl_useraccount`
--

INSERT INTO `tbl_useraccount` (`user_id`, `customer_id_fk`, `user_type`, `username`, `password`) VALUES
(1, 0, 'admin', 'admin', 'password'),
(11, 11, 'customer', 'haidz', 'password'),
(12, 14, 'customer', 'test', 'password');

-- --------------------------------------------------------

--
-- Table structure for table `tbl_user_side_account`
--

CREATE TABLE `tbl_user_side_account` (
  `UserID` int(11) NOT NULL,
  `Username` varchar(255) NOT NULL,
  `Password` varchar(255) NOT NULL
) ENGINE=InnoDB DEFAULT CHARSET=latin1;

--
-- Dumping data for table `tbl_user_side_account`
--

INSERT INTO `tbl_user_side_account` (`UserID`, `Username`, `Password`) VALUES
(1, 'jhet', 'jhet123');

--
-- Indexes for dumped tables
--

--
-- Indexes for table `ci_sessions`
--
ALTER TABLE `ci_sessions`
  ADD PRIMARY KEY (`id`),
  ADD KEY `ci_sessions_timestamp` (`timestamp`);

--
-- Indexes for table `tbl_car_pic`
--
ALTER TABLE `tbl_car_pic`
  ADD PRIMARY KEY (`pic_id`),
  ADD KEY `car_id_fk` (`car_id_fk`);

--
-- Indexes for table `tbl_car_profile`
--
ALTER TABLE `tbl_car_profile`
  ADD PRIMARY KEY (`car_id`);

--
-- Indexes for table `tbl_car_rent`
--
ALTER TABLE `tbl_car_rent`
  ADD PRIMARY KEY (`car_rent_id`);

--
-- Indexes for table `tbl_customer`
--
ALTER TABLE `tbl_customer`
  ADD PRIMARY KEY (`customer_id`);

--
-- Indexes for table `tbl_employee`
--
ALTER TABLE `tbl_employee`
  ADD PRIMARY KEY (`id`);

--
-- Indexes for table `tbl_lease`
--
ALTER TABLE `tbl_lease`
  ADD PRIMARY KEY (`lease_id`);

--
-- Indexes for table `tbl_reserve`
--
ALTER TABLE `tbl_reserve`
  ADD PRIMARY KEY (`reserve_id`);

--
-- Indexes for table `tbl_reserve_details`
--
ALTER TABLE `tbl_reserve_details`
  ADD KEY `tbl_reserve_details_ibfk_1` (`car_id_fk`),
  ADD KEY `tbl_reserve_details_ibfk_2` (`reserve_id_fk`);

--
-- Indexes for table `tbl_storeroom`
--
ALTER TABLE `tbl_storeroom`
  ADD PRIMARY KEY (`storeroom_id`);

--
-- Indexes for table `tbl_useraccount`
--
ALTER TABLE `tbl_useraccount`
  ADD PRIMARY KEY (`user_id`);

--
-- Indexes for table `tbl_user_side_account`
--
ALTER TABLE `tbl_user_side_account`
  ADD PRIMARY KEY (`UserID`);

--
-- AUTO_INCREMENT for dumped tables
--

--
-- AUTO_INCREMENT for table `tbl_car_pic`
--
ALTER TABLE `tbl_car_pic`
  MODIFY `pic_id` int(11) NOT NULL AUTO_INCREMENT, AUTO_INCREMENT=176;

--
-- AUTO_INCREMENT for table `tbl_car_profile`
--
ALTER TABLE `tbl_car_profile`
  MODIFY `car_id` int(11) NOT NULL AUTO_INCREMENT, AUTO_INCREMENT=43;

--
-- AUTO_INCREMENT for table `tbl_car_rent`
--
ALTER TABLE `tbl_car_rent`
  MODIFY `car_rent_id` int(11) NOT NULL AUTO_INCREMENT;

--
-- AUTO_INCREMENT for table `tbl_customer`
--
ALTER TABLE `tbl_customer`
  MODIFY `customer_id` int(11) NOT NULL AUTO_INCREMENT, AUTO_INCREMENT=15;

--
-- AUTO_INCREMENT for table `tbl_employee`
--
ALTER TABLE `tbl_employee`
  MODIFY `id` int(11) NOT NULL AUTO_INCREMENT, AUTO_INCREMENT=38;

--
-- AUTO_INCREMENT for table `tbl_lease`
--
ALTER TABLE `tbl_lease`
  MODIFY `lease_id` int(11) NOT NULL AUTO_INCREMENT;

--
-- AUTO_INCREMENT for table `tbl_reserve`
--
ALTER TABLE `tbl_reserve`
  MODIFY `reserve_id` int(11) NOT NULL AUTO_INCREMENT, AUTO_INCREMENT=55;

--
-- AUTO_INCREMENT for table `tbl_storeroom`
--
ALTER TABLE `tbl_storeroom`
  MODIFY `storeroom_id` int(11) NOT NULL AUTO_INCREMENT, AUTO_INCREMENT=10;

--
-- AUTO_INCREMENT for table `tbl_useraccount`
--
ALTER TABLE `tbl_useraccount`
  MODIFY `user_id` int(11) NOT NULL AUTO_INCREMENT, AUTO_INCREMENT=13;

--
-- AUTO_INCREMENT for table `tbl_user_side_account`
--
ALTER TABLE `tbl_user_side_account`
  MODIFY `UserID` int(11) NOT NULL AUTO_INCREMENT, AUTO_INCREMENT=2;

--
-- Constraints for dumped tables
--

--
-- Constraints for table `tbl_car_pic`
--
ALTER TABLE `tbl_car_pic`
  ADD CONSTRAINT `tbl_car_pic_ibfk_1` FOREIGN KEY (`car_id_fk`) REFERENCES `tbl_car_profile` (`car_id`) ON DELETE CASCADE ON UPDATE CASCADE;

--
-- Constraints for table `tbl_reserve_details`
--
ALTER TABLE `tbl_reserve_details`
  ADD CONSTRAINT `tbl_reserve_details_ibfk_1` FOREIGN KEY (`car_id_fk`) REFERENCES `tbl_car_profile` (`car_id`) ON DELETE CASCADE ON UPDATE CASCADE,
  ADD CONSTRAINT `tbl_reserve_details_ibfk_2` FOREIGN KEY (`reserve_id_fk`) REFERENCES `tbl_reserve` (`reserve_id`) ON DELETE CASCADE ON UPDATE CASCADE;
COMMIT;

/*!40101 SET CHARACTER_SET_CLIENT=@OLD_CHARACTER_SET_CLIENT */;
/*!40101 SET CHARACTER_SET_RESULTS=@OLD_CHARACTER_SET_RESULTS */;
/*!40101 SET COLLATION_CONNECTION=@OLD_COLLATION_CONNECTION */;
